0.109999745965192;0.199938271122116;0.9999237899447;-0.0123456187624343
0.119997958570595;0.199752647621355;0.999692963281103;-0.0247786029922548
0.129992716394098;0.199431666864788;0.999222871707252;-0.0394164008645198
0.139981517758948;0.198960632186989;0.998497972481676;-0.0547886753807893
0.149961666960919;0.198332562894444;0.997488935348245;-0.0708224813023646
0.159930639940151;0.19754671456892;0.996265382396211;-0.0863440087031591
0.169885684151594;0.19660077240989;0.994697901400899;-0.102840094071558
0.179824755758213;0.195499382847616;0.993080705857751;-0.117433860760302
0.189747376652644;0.194258378891652;0.991413630145801;-0.130763198037999
0.199652594375702;0.192885349492093;0.989601146951096;-0.143838694213606
0.209538702780527;0.191380898400185;0.987591122181779;-0.157047048325446
0.219404663189506;0.189749471528547;0.985575868884894;-0.169234177020439
0.229248880301821;0.187991655812585;0.983238545282389;-0.182323786355402
0.239067257637698;0.186094921644854;0.980400279547664;-0.19701596854789
0.248857094147195;0.184055937757726;0.977534797311218;-0.210774097188711
0.258616841196454;0.181877500154268;0.974380508848866;-0.224905811342046
0.268346019447434;0.179566281586734;0.971428691509383;-0.237331618863497
0.278045202336531;0.177132242526573;0.968382568578104;-0.249469839608063
0.287715273242773;0.174584941356628;0.965612554436682;-0.259985374039127
0.297354397768958;0.171923006472138;0.962185726557283;-0.27239425032374
0.306958529427149;0.169137457115199;0.958614291998694;-0.284707989308067
0.316525435811767;0.166226645379938;0.954738718870244;-0.297445757559264
0.326050317562224;0.163181193242216;0.950202409405578;-0.311633408285816
0.335527076803415;0.159989185617964;0.945109226323124;-0.326754571993884
0.344953277671952;0.156650794147618;0.940095512449315;-0.340911172408093
0.354329242703208;0.153173793249862;0.935064780911192;-0.354476875831842
0.3636535715634;0.149560609033994;0.929767588613106;-0.368147023843152
0.372926888144328;0.145818394205297;0.924869247097676;-0.38028525579225
0.382148355830647;0.141950208090949;0.919393492093281;-0.393339048019035
0.39131511264058;0.137954083529636;0.913929304581516;-0.405873411579456
0.400426097098466;0.133832388041382;0.90823864093545;-0.418452591235526
0.409475082551553;0.129576358655348;0.901520875382391;-0.432735613567646
0.418455658645582;0.125177817522269;0.894556823543793;-0.446954236417151
0.42736641882819;0.120639494904497;0.887559911956763;-0.460692308040087
0.436207852117008;0.115967529779033;0.88069492928548;-0.473683904656727
0.444979459630236;0.111165750988373;0.873594607879425;-0.486654354839236
0.453678991296465;0.106234593404366;0.866279820875203;-0.499559077531802
0.462303568797066;0.101173492195489;0.858602603788911;-0.512641754802417
0.470850939917045;0.0959830603332643;0.850839754892431;-0.525425267278409
0.47931866768074;0.0906636973967502;0.842672528267258;-0.538426420324696
0.487704730022202;0.085216488335913;0.834508544726786;-0.550994998868394
0.496007485521838;0.0796431308506779;0.826010382395449;-0.563654901668498
0.504222975971134;0.0739419327269346;0.817053914576067;-0.576561272265077
0.512351034218723;0.068116738801707;0.808528719782747;-0.588456718277964
0.520393927739792;0.0621745038515766;0.800022515960372;-0.599969977545906
0.528350915291389;0.0561177192502735;0.791347790776175;-0.611366235601596
0.536218847725406;0.049945700731651;0.78220995227407;-0.623014920016684
0.54399565066704;0.0436592394809566;0.773123557711683;-0.634255441057646
0.551680392848456;0.0372605702889585;0.763797671582021;-0.645455743553253
0.559270586436408;0.0307500284174563;0.754213632409295;-0.656629116539905
0.566757139523349;0.0241206117949273;0.743061676077732;-0.669222941585651
0.574132116486736;0.0173672838373393;0.731900141016164;-0.681411904489875
0.581392399638191;0.0104908135672792;0.72012098327332;-0.693848520535617
0.588535639248979;0.00349282617827927;0.708494074295583;-0.705716760951618
0.595561640033721;-0.00362286166244652;0.696673769262054;-0.71738808132154
0.602472815374851;-0.0108501485392442;0.685533933084939;-0.728040676466015
0.609263186767277;-0.0181910089232072;0.672504692997634;-0.74009285761731
0.615922824229366;-0.0256506773207173;0.65938848480488;-0.751802385009999
0.622444228130535;-0.0332314574380407;0.644852331914402;-0.764307183025619
0.628820309103828;-0.0409348741000071;0.630326075450949;-0.776330495734003
0.635045896416976;-0.0487603939735287;0.614750281108674;-0.788721808926826
0.641116421395324;-0.056706813481458;0.599316548556737;-0.800512132716325
0.647033284734439;-0.0647683101252338;0.5840206163984;-0.811738824759314
0.652794775156433;-0.0729415666537297;0.568241678836928;-0.82286171039403
0.658391706814559;-0.0812283508475196;0.551104759919071;-0.834436063215476
0.663810273995673;-0.0896328183799798;0.532564728491515;-0.846389278031544
0.669040622154691;-0.0981556859396327;0.513461106455657;-0.85811286679395
0.674081155190906;-0.106792181445028;0.494605456869649;-0.869117622669547
0.678931461919362;-0.1155369234243;0.47541696557139;-0.879760597462111
0.683590421873791;-0.124385099396351;0.456338925822636;-0.889806037729034
0.688055375414178;-0.133332732648687;0.43661562361211;-0.899648151900402
0.692314238980245;-0.1423802392651;0.41511701127265;-0.909768029198686
0.696356831711216;-0.151526425901134;0.393363420033848;-0.919383064766408
0.70018014580744;-0.160766420600591;0.371262944584114;-0.928527773401923
0.703792598699683;-0.170090921987583;0.351199759638828;-0.936300554752388
0.707203252427866;-0.179491111172135;0.330904488413277;-0.943664251494114
0.710416160812308;-0.188960735047946;0.311655061592754;-0.950195307599241
0.71343283795662;-0.198494674057316;0.291658248671745;-0.956522590418925
0.716250609904015;-0.208089288110194;0.271876176870014;-0.962332242237859
0.718868844611295;-0.21774025819726;0.251751790370261;-0.967791835078891
0.721292191171064;-0.2274420232835;0.232902275234289;-0.9725001440569
0.723531179719219;-0.237188000994278;0.214882677576174;-0.97663986959252
0.725585527848142;-0.246974550079039;0.195974166732951;-0.980609058684104
0.727450036558079;-0.256799033341554;0.176915881226821;-0.984225975561373
0.729123026797028;-0.266657934321137;0.157671542420325;-0.987491612476175
0.730595623701056;-0.27654872603641;0.136836947985209;-0.990593584506832
0.731859821847551;-0.28646830887582;0.115993378282778;-0.99324998675789
0.732909475217775;-0.296412861425431;0.0939286833740687;-0.99557892828224
0.733738056078127;-0.306378268472213;0.0717806674019592;-0.997420440830911
0.73433344204688;-0.316360277266469;0.0472905532811366;-0.9988811759015
0.734681981083585;-0.326353943107372;0.0224136545158909;-0.999748782490503
0.73478696691385;-0.336353155307687;-0.00141748236023496;-0.999998995371375
0.734657231392235;-0.346352091093368;-0.0245284668062184;-0.999699131897261
0.734292956085189;-0.356345217674759;-0.0483231523740057;-0.998831754073047
0.733692205767167;-0.366326924987529;-0.0718213623333552;-0.997417511332432
0.732865889067864;-0.376292529874516;-0.0934354991363204;-0.995625334903219
0.731823977621195;-0.38623790693802;-0.114938672263057;-0.993372589524397
0.730569891844099;-0.396158771805947;-0.135869179799562;-0.990726786748291
0.729104893494932;-0.406050684369995;-0.157119221996543;-0.987579642398121
0.72742857183911;-0.415908988463906;-0.178132415442645;-0.984006525673773
0.725544541666738;-0.425729721100297;-0.198659900000011;-0.980068489510802
0.723456341736765;-0.435509078363384;-0.218965081648267;-0.975732695474928
0.721166085845312;-0.445243099786979;-0.239069813140726;-0.971002381276616
0.718671442478105;-0.454926741709961;-0.259839733041264;-0.965651755620547
0.715980540157614;-0.464557732057407;-0.278324210609163;-0.960487185645278
0.713101862205656;-0.474134261149349;-0.297392358252319;-0.95475535361323
0.710029645018244;-0.483650454356305;-0.317029275847267;-0.94841575179652
0.706757064637168;-0.493099598305521;-0.33746129801629;-0.941339403372217
0.703281353770579;-0.502475928562965;-0.357654008300991;-0.933854169742918
0.699610579162593;-0.511777648928625;-0.376475863296679;-0.926426426844043
0.695751441099278;-0.521002808791676;-0.395324897622581;-0.918541357435634
0.691708789752397;-0.530149053616872;-0.413179694888519;-0.910649515308624
0.687483591973666;-0.539212395995473;-0.431830041663262;-0.901954996170599
0.683067406306764;-0.548184204649745;-0.451372170990778;-0.892335790638856
0.678458958212294;-0.557058798863596;-0.470282573140796;-0.882515893001408
0.673652053378241;-0.565827435594498;-0.491053440178292;-0.871129450133024
0.668640884582635;-0.574480972415048;-0.511135339511586;-0.859500241246259
0.663426545306062;-0.583013605880401;-0.531682122396748;-0.846943989130149
0.658008745856295;-0.591418524829623;-0.55182590061566;-0.833959336784304
0.6523903553871;-0.599690696924066;-0.57179761036702;-0.820394717668614
0.646571734797599;-0.607823259826232;-0.591867445831022;-0.806035313472966
0.640560941580241;-0.615814878022438;-0.610238259135366;-0.792217941659641
0.634374443658244;-0.623671304934787;-0.627014311360503;-0.77900773638592
0.628020948295097;-0.631393301812583;-0.643635699841778;-0.765332010234241
0.621511645519689;-0.638984475388566;-0.658185003028445;-0.75285622916228
0.61485757541415;-0.646449075088983;-0.672587730893561;-0.740017394560055
0.608060089103766;-0.653783311333498;-0.686866589699927;-0.726783522071045
0.601119268026935;-0.660982038674277;-0.701251434238568;-0.712914038281161
0.594036714561229;-0.668041371280286;-0.715213085938762;-0.698906461339394
0.586817278879451;-0.67496066428886;-0.728628816940946;-0.684908787447816
0.579460533786833;-0.68173375232586;-0.742667524901461;-0.6696603224447
0.571962307687836;-0.688349849241601;-0.756919702724178;-0.653507891021939
0.564328140832048;-0.694808653316538;-0.769862574378284;-0.638209696394251
0.556572835950218;-0.701121543208635;-0.78115702832288;-0.624334603479391
0.548703642952362;-0.707291868760629;-0.792636178677229;-0.609694914077493
0.540722979371987;-0.713317341600902;-0.803453666688742;-0.595367286206101
0.5326361801172;-0.719199608829367;-0.813863969452978;-0.581055452797961
0.524443030485943;-0.724932785336821;-0.824717022266595;-0.565545606634621
0.516144095691612;-0.730511749193569;-0.835022738680352;-0.550215435885587
0.507740029401199;-0.735931012356776;-0.84573578173751;-0.533601899817498
0.499227741413532;-0.741178615774919;-0.856660328829787;-0.515880878700928
0.490607407960544;-0.746246766243183;-0.86734253556795;-0.497711689630212
0.481883513355771;-0.751134521557517;-0.877375126443279;-0.479805051555986
0.473061975147085;-0.755843775653086;-0.886872712939963;-0.462013842912213
0.464145307386267;-0.76037029177405;-0.896395071104728;-0.443255994318352
0.45513017145889;-0.764697269352847;-0.906549366784011;-0.422099805239839
0.446018104015841;-0.768816254048044;-0.915787724439184;-0.401662599412121
0.436818839386322;-0.772736697334738;-0.923997958666061;-0.382397401116893
0.427538472136402;-0.776461067478691;-0.932004017151214;-0.362447943867807
0.418179246335371;-0.779982550753368;-0.939765369830733;-0.341820200788232
0.408746114901666;-0.78330102883935;-0.946790458380599;-0.321850629826099
0.399242727426014;-0.786412521967798;-0.953806503011176;-0.300421628405134
0.38966986161458;-0.789303115860021;-0.960676535732117;-0.277669936604125
0.380030109945085;-0.791962101788444;-0.967177752851957;-0.254100756370853
0.370328693342905;-0.794386496595181;-0.97301193199907;-0.230754805339862
0.360572216344143;-0.796578870478127;-0.978192665003916;-0.207699567001322
0.350766964960358;-0.798541653118395;-0.982768781451973;-0.184839179297587
0.340917553757354;-0.800269097915223;-0.987014303548787;-0.160632389604661
0.331028945458524;-0.801755889610305;-0.990610912414142;-0.136711448701345
0.321107569657097;-0.803005539624203;-0.993571439732816;-0.11320686439991
0.311158359497693;-0.804009369637061;-0.996160301300806;-0.0875480103274014
0.301186069909836;-0.804749142139649;-0.998174413633122;-0.0603973506718013
0.291197110710617;-0.80521176106786;-0.999484011451011;-0.0321202561290538
0.281198979425708;-0.805385232062249;-0.999996693900869;-0.00257141737821816
0.271199952568859;-0.805271360343064;-0.999678782096251;0.0253442819301635
0.261207664388098;-0.80488615523658;-0.998663060623255;0.0516922755021877
0.251229063340624;-0.804236806338693;-0.996940052967313;0.0781698841596341
0.241271721828332;-0.803317569762095;-0.994401704304894;0.105665748828664
0.231344212968801;-0.802118520791434;-0.990964066857062;0.134127619072703
0.221455747644511;-0.800631567533874;-0.986586132356233;0.163241549375057
0.211615681010329;-0.798852331387329;-0.98128140997829;0.192579319842553
0.201832128917309;-0.796784695906855;-0.975292190416665;0.220918861377349
0.192110268819872;-0.794443896736631;-0.968961305723102;0.247212434985342
0.182454183557412;-0.791844995970496;-0.962145041508315;0.272537922317177
0.172869266288558;-0.788994781701715;-0.954730298955801;0.297472782378099
0.163361276398352;-0.785897587223977;-0.946762809811943;0.321931952370366
0.153935132642975;-0.782559542641874;-0.938366543753266;0.345641764786245
0.144595414267243;-0.778986797740109;-0.929480844717942;0.36887038279377
0.135345650252402;-0.775187180824645;-0.920383584110527;0.391016697980867
0.12618970879424;-0.771166743270229;-0.910716480411801;0.413032071764824
0.117137149991167;-0.766918735694633;-0.899693693411435;0.436521772693748
0.108197674157277;-0.762437642587095;-0.888101770257879;0.459646870613542
0.0993778782756837;-0.757725373364158;-0.875756515112848;0.482753069630221
0.090685301502146;-0.752782372588448;-0.862657091714443;0.505789226965917
0.0821294601403917;-0.747606345254205;-0.848403037072264;0.529350816270797
0.0737212788488236;-0.742193781645057;-0.833121513343234;0.553089996297782
0.065475621584192;-0.736536803871828;-0.815882311539107;0.578217998437963
0.0574041813645017;-0.730633885262775;-0.798286194307005;0.602278301102438
0.0495140585081111;-0.72449073744766;-0.779616922919372;0.626256699363552
0.0418107152756171;-0.718114896040187;-0.760941570457346;0.648820411477559
0.034296800585397;-0.711516864134183;-0.741735251656105;0.67069278842899
0.0269802754485438;-0.704700627032839;-0.721461900485554;0.69245413288374
0.0198664065488626;-0.697673113164149;-0.701213446401926;0.712951402681231
0.0129609583634776;-0.690440723281493;-0.679775063619487;0.733420658886237
0.00627659833377789;-0.683003552372026;-0.656992395939703;0.753897202327617
-0.000184608684963677;-0.675371646643134;-0.635160888765539;0.772379858219109
-0.00642608508669531;-0.667559009547215;-0.613051077840117;0.790043274738208
-0.0124481853773483;-0.659576020225338;-0.591294429025578;0.806455763326989
-0.018247167363945;-0.651429533790944;-0.56842580501984;0.822734528379323
-0.0238171836957724;-0.643124801926635;-0.545506755928155;0.838106424767607
-0.0291571919380098;-0.634670329575389;-0.522428575318077;0.852683049961195
-0.0342685041468994;-0.626075639464763;-0.499774681485371;0.866155452413824
-0.0391551648851469;-0.617351241665901;-0.477504396506631;0.878629359466686
-0.0438184583266432;-0.608505431881025;-0.455104453313956;0.890438058808026
-0.0482603194520541;-0.599546363899319;-0.433223612650635;0.901286470242361
-0.0524809584678978;-0.5904809827381;-0.410861386029394;0.911697823552303
-0.05647797930442;-0.581314802158982;-0.388503145450188;0.921447397291517
-0.0602501606718545;-0.572053825871555;-0.365895662106196;0.930655878642514
-0.0637883728836374;-0.562700993104758;-0.341707337908633;0.939806413693477
-0.0670849096791989;-0.553260262452783;-0.317564088355399;0.948236811027185
-0.0701347590247914;-0.543736996897253;-0.292370205294351;0.956305214383013
-0.0729349627601172;-0.534137344378275;-0.267639567378399;0.963519103066205
-0.0754866099480771;-0.524468655991193;-0.242661487286209;0.970111025907883
-0.0777861069417818;-0.514736923637699;-0.217211701002584;0.976124519181628
-0.0798257734438267;-0.504947457499319;-0.19069666036245;0.981649012492046
-0.0815946488741727;-0.495105480732276;-0.163055171050963;0.986616952618159
-0.0830861640146509;-0.485217670931998;-0.13522816844637;0.990814484380725
-0.0842963758656138;-0.475291516032713;-0.106797654588312;0.994280775724059
-0.0852133312659472;-0.465334030488555;-0.076579350607131;0.997063489984761
-0.085825932174914;-0.455353205738395;-0.0459312037912292;0.99894460533019
-0.086125331481829;-0.445358115683006;-0.0139435466798621;0.999902784027521
-0.0860959863667967;-0.435358633550081;0.0198120123357982;0.999803722821238
-0.0857295736710005;-0.425365821553423;0.0534636011312711;0.998569798939502
-0.0850247681052762;-0.415391175916274;0.0874838471140713;0.996165938232242
-0.0839827604293125;-0.405446086018727;0.120898082779435;0.992664925128443
-0.0826082739312672;-0.395541466179357;0.153973670012187;0.988074951075564
-0.0808961673370951;-0.385689638525789;0.188412778289764;0.982089927133525
-0.0788378338173709;-0.375904306376471;0.223210542095943;0.974770256982247
-0.0764377276615775;-0.366197116515284;0.256762897983342;0.966474425020754
-0.0737093582780879;-0.356576995724241;0.288860356607262;0.957371241672073
-0.0706651302255683;-0.347052091089839;0.319931263041063;0.947440756421715
-0.0673141481082341;-0.337630715749593;0.350207483376119;0.93667215106854
-0.0636646472148443;-0.32832089195355;0.379631934531174;0.925137608296257
-0.059724333376789;-0.319130365255177;0.408366635419838;0.9128179944961
-0.0555039357611555;-0.31006500831655;0.435649177571621;0.900116544721389
-0.0510097613718673;-0.301132230551444;0.463114887105656;0.886298257552793
-0.0462451050253984;-0.292340734382222;0.489743527187597;0.871866548032354
-0.0412156413896196;-0.283698005486845;0.516071412913624;0.856545560243783
-0.0359242047946951;-0.275213146193904;0.542132704456568;0.840292883915251
-0.0303782721477025;-0.266892376676734;0.566971456217551;0.823737438650539
-0.0245932972725061;-0.258735940346621;0.589947014281883;0.807441960972981
-0.0185886156895785;-0.250739812158425;0.610920449228274;0.791691988537667
-0.0123693135000774;-0.242909503149242;0.63285862336869;0.774267371666847
-0.00593681422369508;-0.235253338374731;0.653562829677175;0.75687226641248
0.000699457468854876;-0.22777310365086;0.673612049918099;0.739085114317111
0.00753582381774588;-0.220475305420224;0.693575951749117;0.720383508386545
0.0145703056961345;-0.213368288372587;0.713230753545789;0.700929306133298
0.0217933198667459;-0.206452915402703;0.731289981308041;0.68206668533105
0.0291975194165731;-0.199731923012145;0.749459737584982;0.662049923902307
0.0367794365295361;-0.193212059873624;0.766833949117934;0.641845537867324
0.0445295279299875;-0.186892996454789;0.783098754830781;0.621897371101118
0.0524375462617563;-0.180772700521599;0.798422289839428;0.602097871684966
0.0604970223024109;-0.174853281625831;0.813387067838261;0.581722853146993
0.0687003918963953;-0.169134902472459;0.827206994356242;0.561897311337324
0.0770402230799096;-0.163617452920508;0.840676404135373;0.541537795107618
0.0855136786520075;-0.158307522448379;0.85392676919669;0.52039319062542
0.0941150896477956;-0.153207439440229;0.866271440029065;0.499573610381864
0.102836565615468;-0.148315495555654;0.877941037101393;0.478768770256928
0.111669422506835;-0.143627599712164;0.888554876657406;0.458770346871224
0.120602496240533;-0.13913354616081;0.8979941864956;0.440007319280153
0.129628774648101;-0.134829769754559;0.907192771804133;0.420715194384913
0.13874455893606;-0.130718961855011;0.915895985188696;0.401415675223612
0.147946498108278;-0.126804838179179;0.924419127898317;0.381378127290642
0.157229536677165;-0.123087094583215;0.932122164623457;0.362143991000379
0.166587470455063;-0.11956210876995;0.939398140261414;0.342828140725637
0.176017551585947;-0.116234989267275;0.946545554095115;0.322570169145834
0.185514101094312;-0.113102525805383;0.952703186811776;0.303902349182574
0.195070297474586;-0.110157035860292;0.958474933667672;0.285176789958006
0.204681653225247;-0.107396816497426;0.963737976297438;0.266850357020782
0.214343499139601;-0.104818871510723;0.96857452584833;0.248723516937348
0.22405245128258;-0.102424462077286;0.973156643064857;0.230143755202568
0.233804873006909;-0.100213719292479;0.977271393263576;0.211992037370912
0.243597563643393;-0.0981888575688377;0.981205134922106;0.192967570338884
0.253428726478327;-0.0963599979321325;0.984958420916355;0.172791519079961
0.263296414221876;-0.0947398882764662;0.98850051400457;0.151217504981077
0.273197005470096;-0.0933347575261476;0.991540499117979;0.129797683372506
0.28312549475175;-0.0921425691689594;0.994082147096855;0.108630957021039
0.29307727495033;-0.0911637009838291;0.996196506660966;0.0871350682359761
0.303047755980819;-0.0903983661858828;0.997824506993898;0.0659261195762786
0.313032267022065;-0.0898454112755144;0.999002213956955;0.0446606819148904
0.323026430208087;-0.0895098756100903;0.999748108718605;0.0224436876108577
0.333025615754084;-0.0894011278781087;0.999999758409777;-0.000695111780872688
0.343024486816211;-0.0895329567074926;0.999670489656559;-0.0256692833911892
0.353017208783813;-0.0899082121344546;0.998780148653047;-0.049378281223606
0.362997481801524;-0.0905315399352825;0.997162413675818;-0.0752802812974103
0.372958093573049;-0.0914149894823937;0.994845787403024;-0.101399503383687
0.382892744860119;-0.0925540362522459;0.99197963107734;-0.126397830391448
0.392795153193659;-0.0939457159745328;0.988392377739931;-0.151922702798513
0.402658437436419;-0.0955919554709128;0.984155587060815;-0.177307023146246
0.412476022866457;-0.0974918149936896;0.979252517809959;-0.202643791819184
0.422241158223682;-0.0996450730342403;0.973664960403775;-0.227983650470634
0.431949103959657;-0.102043166714339;0.967828341504122;-0.251611409481726
0.441596377668055;-0.104674771428759;0.961534427725137;-0.274684444953285
0.451178545582125;-0.107534395766309;0.954810868021601;-0.297214074881789
0.460693358214422;-0.110610813556589;0.948075649401568;-0.318044907225059
0.470137696963622;-0.113897191976284;0.940713097073955;-0.339203285646717
0.479507151159743;-0.117391383732863;0.933103683571156;-0.359607446677542
0.48879838894939;-0.121088540268015;0.925070771203066;-0.379794771245954
0.498003937457863;-0.124994092373694;0.91595535273426;-0.401280191135145
0.507114619423891;-0.129116070630781;0.906094133704021;-0.423076140744383
0.516125368352874;-0.133452182295134;0.895973843561696;-0.444106824596608
0.525033195508301;-0.137995991106629;0.885512896300777;-0.46461479796172
0.533833988507218;-0.14274379206736;0.874567750543725;-0.484903340583347
0.542521091323763;-0.147696520277777;0.862770666433017;-0.505595467881912
0.551089205950733;-0.152852381104873;0.850774957553982;-0.52553018143492
0.559537181231897;-0.158202848726419;0.838748966963751;-0.544518292086905
0.567859829192222;-0.163746215575907;0.825703806589796;-0.564103912221075
0.57604953551082;-0.169484165436775;0.812161424902636;-0.583432789531169
0.584104617282931;-0.175409653770899;0.798786529713379;-0.601614560951161
0.59202291980662;-0.181516708484717;0.784804801046404;-0.619743030823675
0.599795649300331;-0.187807960429232;0.769666085758635;-0.638446643372007
0.60741876343317;-0.19427972891072;0.754890514960193;-0.655850829398831
0.614890688578492;-0.200925466113412;0.739427090775068;-0.673236642962874
0.622211867458503;-0.207736961676957;0.72475204735083;-0.689009774865917
0.629384999171166;-0.214704195954852;0.70981937714561;-0.704383739043299
0.636409948936337;-0.221820833217482;0.695120629271137;-0.718893114977253
0.643286229782273;-0.229081218093042;0.680086398394105;-0.733131973603208
0.65000822672598;-0.23648465985019;0.664261804703025;-0.747500003219185
0.65657343250799;-0.244027506862389;0.64873297422818;-0.761016115564618
0.662988116861306;-0.251698805291186;0.634165342670279;-0.773197463883508
0.669251854708434;-0.259493819075358;0.618540280328334;-0.785753092015136
0.675353256253003;-0.267416516313919;0.601694051557091;-0.798726654319745
0.681284931382114;-0.275467073530237;0.584596382846925;-0.811324268811362
0.687036330936326;-0.283647350082247;0.565632009019358;-0.824657765605058
0.692589689492701;-0.291963302864625;0.544982633455174;-0.838447332414067
0.697931771572318;-0.300416510219141;0.523375610890791;-0.852102088909945
0.703050308870903;-0.309006885493698;0.500270131721449;-0.865869386979009
0.707938933504984;-0.317730165885657;0.477398785269487;-0.878686747267318
0.712585987604446;-0.326584430576529;0.451948042224069;-0.892044262988015
0.71697769877993;-0.335568087912803;0.426334693171768;-0.904565492044736
0.721115134633637;-0.344671670798908;0.401099489939407;-0.916034496714151
0.724997993638974;-0.353886709364609;0.3754220636046;-0.926853965929296
0.728615810488923;-0.363208953606833;0.348089471488778;-0.937461316449199
0.731959819483424;-0.372632888397433;0.32066512869058;-0.947192628371787
0.735033304131764;-0.382148514720473;0.293991550290805;-0.955808018567333
0.737840286601427;-0.391746141385449;0.267368946553724;-0.963594233284298
0.740381279811168;-0.401417597509562;0.240797728760789;-0.970575321046052
0.742653376353457;-0.41115572224479;0.213592023367802;-0.976922948626784
0.744647705865153;-0.420954481164288;0.185246063147747;-0.982692167511405
0.746356720182614;-0.430807003304305;0.156532608071886;-0.987672791267541
0.747778440176921;-0.440705068071538;0.127791411592531;-0.991801066304725
0.748920525992482;-0.450639322052686;0.100611502716795;-0.994925788951653
0.749803430880624;-0.460600013548115;0.0759604621343349;-0.997110830445813
0.75043723562156;-0.470579642402549;0.0507937681705702;-0.99870916342799
0.750821725598188;-0.480571993396679;0.0261003136441242;-0.999659328785402
0.750959599275076;-0.490570790101356;0.00147302770359831;-0.999998915094104
0.75086230481653;-0.500570107598607;-0.0209311053534652;-0.99978092041641
0.750541250904656;-0.510564744101681;-0.0432770022178183;-0.999063111659639
0.749995985015761;-0.520549655504275;-0.0657715631569566;-0.997834706491958
0.749217203893752;-0.53051903800743;-0.0899770095418248;-0.995943842670816
0.748206305686138;-0.540467602168426;-0.11219422928981;-0.993686296028111
0.7469732205792;-0.550391075539031;-0.134412489704538;-0.990925467737826
0.745518354721168;-0.560284466947145;-0.156548542834681;-0.987670265694143
0.74383969410558;-0.570142342519107;-0.179168848824318;-0.98381833872467
0.741927970171051;-0.579957653737671;-0.203156907139162;-0.979146194948257
0.739776990942389;-0.589723323895139;-0.227017536858084;-0.973890670434258
0.737387122423523;-0.599433291647747;-0.250932006017536;-0.968004715048442
0.734758817136429;-0.609081449664483;-0.27470246159658;-0.961529280673647
0.731890354163627;-0.618660936967813;-0.298959478558878;-0.954265806879721
0.728774649538516;-0.628162859417344;-0.324144963694342;-0.946007422017182
0.725409775224511;-0.63757943587566;-0.348791479973238;-0.937200353978848
0.72179710101625;-0.646903739508655;-0.373700392265396;-0.927549468664982
0.717933615191715;-0.656126929449975;-0.398948519064311;-0.916973325204389
0.713821389025445;-0.665241948715177;-0.423447203234145;-0.905920783552945
0.70946154306235;-0.674241132153163;-0.448465826926455;-0.893799978786737
0.704850889482778;-0.683114417105226;-0.473603216913037;-0.88073832261894
0.69999088220883;-0.691853619377482;-0.49833337418831;-0.866985494786444
0.694883928475996;-0.700450838160743;-0.522987376009022;-0.852340427608123
0.689526968940954;-0.708894503321653;-0.548324138805978;-0.836265890015062
0.683917486508692;-0.717172547042291;-0.573485968830393;-0.819215382884542
0.678057773962676;-0.725275380699132;-0.59836447282806;-0.801224037118956
0.671953434239107;-0.733195567312455;-0.622409698198921;-0.782691617169833
0.665604802811661;-0.740921257808892;-0.64720757120712;-0.762313819743668
0.659008170456997;-0.748436267633057;-0.671999244551257;-0.740551831624594
0.652170610924616;-0.755732788169134;-0.695395491477895;-0.718627240252008
0.645104131702875;-0.762807851999305;-0.71778243275965;-0.69626746241774
0.637816710054445;-0.769655117285426;-0.739578823345197;-0.673069954803611
0.630317626649986;-0.776269927525549;-0.760117362763771;-0.649785806881815
0.622622973131755;-0.782656260457638;-0.778704704472417;-0.627390614555659
0.614748647635396;-0.788819732976415;-0.79605637890621;-0.605222472817008
0.606702744928004;-0.79475746422135;-0.813014777505712;-0.58224305196141
0.598490539383357;-0.800462977249112;-0.829314621447755;-0.558781941953181
0.590118173173431;-0.805930754550186;-0.845043153583743;-0.534698109760304
0.581591603395622;-0.811154798723189;-0.860151931462387;-0.510037895456333
0.572917207468759;-0.816129516936101;-0.874605217251215;-0.484835759775365
0.564098427141225;-0.820843467347483;-0.889013532484456;-0.457880922358106
0.555136302886442;-0.825278750267006;-0.903257264775073;-0.429099421615847
0.546032032163207;-0.829414265090852;-0.917418940310073;-0.397922716064744
0.536790690035097;-0.833233633356918;-0.930664245898091;-0.365874379270999
0.527420680893897;-0.83672537989978;-0.943138273760597;-0.332400656689907
0.517930178571747;-0.839874831245855;-0.954747275185569;-0.297418292184144
0.508328993889001;-0.842668654331792;-0.965262956490352;-0.261280356757841
0.498630281197937;-0.845102496600777;-0.974258747397133;-0.225432679796366
0.488848808107758;-0.847178968539719;-0.981819715629332;-0.189815821262448
0.478999568499985;-0.848905927705808;-0.987829412844693;-0.155541155707771
0.469096674534248;-0.850292651901093;-0.992557508312105;-0.121776815089185
0.459152064194575;-0.851338982238407;-0.996167286248211;-0.0874684960935944
0.449177309005419;-0.852042111806893;-0.998586883618461;-0.0531435402017048
0.439184355467287;-0.852404519205157;-0.999813138297161;-0.0193310239869392
0.429184841924829;-0.852435835126746;-0.99991460497641;0.0130683876155971
0.419189572472797;-0.852142904003013;-0.998963760490614;0.0455126930257035
0.409209184325703;-0.851524118380922;-0.996935074893345;0.0782333461345125
0.399255001616589;-0.850572976489695;-0.993710819513931;0.111976815372434
0.389339022933742;-0.849283177713532;-0.989290832537756;0.145957694750073
0.379472880479543;-0.847655428733256;-0.983746908448049;0.179560630759938
0.369668308179695;-0.84569062383168;-0.976973336586012;0.213361429504014
0.359936499837871;-0.843392280620795;-0.969202932511621;0.24626342727022
0.350286840999063;-0.840770255230651;-0.960553835958722;0.278094099586784
0.340728207669598;-0.837833638638708;-0.951004362258735;0.309177461929
0.33127119216572;-0.834584687214238;-0.940225241894341;0.340553218315036
0.321927479749972;-0.831022978995724;-0.928343945777201;0.371722367283456
0.312707323929917;-0.827152633269997;-0.915518468734696;0.402275941867865
0.303617982286604;-0.822984257666565;-0.902195091077;0.431328201763534
0.294668304860929;-0.818523951927514;-0.887580245471981;0.460653131811668
0.285868392315821;-0.813774967307257;-0.872249413864048;0.489061304964751
0.277227962328261;-0.808741684119494;-0.855680529341019;0.5175044267508
0.26875340540524;-0.803433789361111;-0.839092913377925;0.543988127369473
0.26045052242097;-0.797861206475989;-0.821343288917835;0.570434222105962
0.252329887138517;-0.792026249304447;-0.802644777133233;0.596457342767061
0.244398121049636;-0.785937003272285;-0.783578837622785;0.62129236694951
0.236656106918212;-0.779608195370759;-0.764709281994807;0.644375444931747
0.22910800803688;-0.773049344799621;-0.74479451294312;0.667293888395376
0.22175978785023;-0.766267282017261;-0.724742463419192;0.689019855822081
0.214615184129064;-0.759271042651564;-0.704074359370461;0.710126253899315
0.20767808729865;-0.75206897908595;-0.683248327811826;0.730186087612153
0.200957322579499;-0.744664678771823;-0.660801670033101;0.750560559103304
0.194465530726763;-0.737058839782823;-0.637454751024712;0.770487793800798
0.188205040298419;-0.729261463867753;-0.614553324496109;0.788875282507178
0.182179974600305;-0.721280804116023;-0.590367588096477;0.807134506092478
0.176401717778781;-0.713119687872828;-0.565192131357767;0.824959304845557
0.170870645899411;-0.704789010590274;-0.540944143809763;0.841058519532335
0.16557957882265;-0.696303842116751;-0.517200218665808;0.855864436585631
0.160530257602222;-0.687672643849537;-0.492595637815891;0.870258316596144
0.155733285739585;-0.678898715514423;-0.466729247368775;0.884400254212184
0.151196313074502;-0.669987558766496;-0.440600273024015;0.897703402806942
0.146919948959349;-0.660948431453571;-0.4146136417227;0.909997542907364
0.142905132636059;-0.65179013643121;-0.388294359326967;0.921535398405758
0.139160239743666;-0.642518224107936;-0.360628649252925;0.932709481745527
0.13569379146027;-0.6331386558828;-0.332609450661188;0.943064660206744
0.132505346079493;-0.6236609577334;-0.305034642006188;0.952341255630646
0.129590313394589;-0.614095609080812;-0.277932892601663;0.960600493030308
0.126951981255973;-0.60445029614382;-0.249695848236137;0.968324317247912
0.12459630928116;-0.594732078831737;-0.221405274643307;0.975181882707078
0.122526019711229;-0.5849490993259;-0.192622771700943;0.981272881426082
0.120734122056819;-0.575111270407258;-0.165734449352243;0.986170417472512
0.119216518864678;-0.565227434716898;-0.137765935555559;0.99046481361051
0.117982453548123;-0.555304224816105;-0.109029879588995;0.994038472774977
0.117038721584269;-0.545349219141999;-0.0797028624335446;0.99681866641827
0.11638521394336;-0.535370941354634;-0.050989646758311;0.998699181897864
0.116026481421929;-0.525377759618824;-0.0207513831819283;0.999784666863838
0.115971923622736;-0.515378298438367;0.00984067443554212;0.999951579391049
0.116221771719363;-0.505381802657107;0.0401251230259192;0.999194662967209
0.116764548923303;-0.495396879031319;0.0684230517526038;0.997656396756348
0.117593483463972;-0.485431647230787;0.0973522131916426;0.99524999200537
0.118724415175261;-0.475496223897263;0.128815226521873;0.991668612700895
0.120170340079165;-0.465601738600533;0.160345282515671;0.98706098614775
0.121928654693451;-0.45575795398211;0.191288682622636;0.981533820049262
0.123994432106886;-0.445974067130289;0.221833242978286;0.975084618025398
0.126364505219749;-0.436259405955839;0.2521429270533;0.967690004256009
0.129046509685366;-0.426626253872538;0.284208437504788;0.958762517024465
0.132046479036712;-0.41708732920208;0.315730830207006;0.948848798732862
0.135356701734187;-0.40765156189202;0.346255969603968;0.938140076701564
0.138970319340315;-0.39832777215358;0.376404579524685;0.926455391539627
0.142876967131384;-0.389122874645806;0.404862743535178;0.914377470685476
0.147064028341611;-0.380042081284174;0.432484928148872;0.90164116305993
0.151529042726963;-0.371094706870557;0.460445276003399;0.887688091508584
0.156277508727469;-0.362294525268301;0.489163639947647;0.872192027797301
0.161308968071932;-0.353653012395612;0.517040957403179;0.85596065818915
0.166616242837348;-0.34517809649624;0.544322333627519;0.838876151237053
0.172195739520038;-0.336879886253278;0.571477419950156;0.820617790744944
0.178048970590432;-0.328772479530329;0.599055910784454;0.800707197266396
0.184174219205435;-0.320868573258714;0.625876261267175;0.779922371510282
0.190567750098338;-0.313180100086288;0.652700210272731;0.757616285140395
0.197230969582158;-0.3057241963869;0.679797004206368;0.733400322519732
0.204160242237546;-0.298514879419551;0.705906052300713;0.708305474583688
0.211343527684506;-0.291558593834355;0.730600163582381;0.68280553671847
0.2187721284235;-0.284864950705281;0.754956058002997;0.655775381121139
0.226443257248154;-0.278450748739248;0.779088721534208;0.626913681441228
0.2343516405804;-0.272331485421964;0.802396713863662;0.596791013321077
0.242488725690653;-0.266519821056821;0.824818441124466;0.565397682327232
0.250836894675582;-0.261015525110807;0.844635011406013;0.535342598255701
0.259378696820751;-0.255816813742745;0.863537208369838;0.504285127443619
0.268106401203969;-0.250936700403251;0.881799949513553;0.47162363070344
0.277007860490138;-0.246381143971243;0.898297341615813;0.439388081365396
0.286064558908947;-0.242142468215325;0.912864067048681;0.408263634299385
0.295266414006066;-0.238229090369371;0.92729830256333;0.374323200006581
0.304608523580527;-0.234663579577866;0.940897115197886;0.338692513369127
0.314079247677477;-0.231455233683472;0.95302225263182;0.30290029050592
0.323664698414835;-0.228607934678804;0.963837395288322;0.266491041957931
0.333350576307989;-0.226123552793148;0.973113143693171;0.230327613567271
0.343121640352119;-0.223998660164068;0.980881975501652;0.194603571745167
0.352965087281746;-0.222239539140567;0.987570249520761;0.157178249963225
0.362869014264495;-0.220861324787326;0.992962468274504;0.118429458320992
0.372820324788516;-0.219882999463753;0.997015036162841;0.0772076269885792
0.382803729876865;-0.219319975395819;0.999373906515776;0.0353807147383657
0.39280196813734;-0.219177236344261;0.999976626442591;-0.0068371462243941
0.402797490119236;-0.219451766248004;0.998844399949705;-0.0480610516854622
0.41277309122506;-0.220139532586326;0.995989296438703;-0.0894724615707981
0.422710915924568;-0.221246111353776;0.991275023355702;-0.131809817810176
0.432591877416463;-0.222779354134521;0.984605667783334;-0.174790385802353
