-0.0224860742748045;-0.235214871700176;0.99009900990099;0;0
0.0334796526545457;-0.130254107464018;0.988266284354539;0.0131163534724302;0
0.0991355196293279;-0.144621244591318;0.998212090782774;0.0104649465817392;0
-0.0047698429859578;0.0373053179735195;0.928335944135461;0.0820713053051489;0
0.116131192150207;0.130219996981114;1.0255078904536;0.14442694077049;0
0.0576898107808867;0.230821153026994;0.944095474082886;0.213730892163137;0
0.0672524393567555;0.262920017830238;0.940296707999811;0.241268456786887;0
0.121429408720963;0.239555719979805;1.01217943410237;0.216639294485585;0
0.0706388406639442;0.217785521250634;0.86390973023285;0.169071324568178;0
0.113044647377823;0.317954456596987;0.967419861502946;0.332016332139698;0
0.0987234896416138;0.260218615822953;0.875536012618303;0.21448778032686;0
0.203594211659827;0.249079673508571;1.16804735473991;0.215241201662261;0
0.142796781457097;0.251053300264529;0.914853557323605;0.19092263663687;0
0.170894709660219;0.15364260593888;0.945732688459353;-0.032980193614914;0
0.195407218246204;0.0741016384441518;0.971381533551517;-0.221990580210981;0
0.274044115721111;0.108904259613142;1.25090921072747;-0.101185753361595;0
0.330027769106883;0.221262804973524;1.46006302524198;0.221609635131426;0
0.333800223078783;0.28270536662887;1.42901753363701;0.383921382086989;0
0.364990733212749;0.222852527457231;1.47413607849836;0.2030629555064;0
0.371988238198099;0.18602443812487;1.42399055339087;0.0843979506816687;0
0.372084688526729;0.155778467136153;1.34978896423302;-0.0143550458118258;0
0.421510632738635;0.134371422035904;1.49277807606909;-0.0690354015598578;0
0.406926002363122;0.198943473241119;1.38175642508017;0.127494080554388;0
0.443840233603184;0.223709107335152;1.48221423132746;0.207704852533774;0
0.353768999295037;0.189106597356389;1.03066948100741;0.0645012759400844;0
0.384723223319309;0.187237398866027;1.11350488886063;0.061537486213214;0
0.36411976925893;0.17536755312351;0.978711530635809;0.0146907321071024;0
0.386549475838471;0.166590060060887;1.0261629863729;-0.010774780718771;0
0.434278353006783;0.138111507294137;1.16791378083511;-0.0928888408717726;0
0.489636091909645;0.0837810750823875;1.32719364018331;-0.252638570086384;0
0.536102828720026;0.120094157632819;1.46035381079816;-0.123903228440815;0
0.551413281937019;0.122872738368774;1.46184587980351;-0.110680524812093;0
0.502487548221618;0.10887290473585;1.2210373769091;-0.160156106653869;0
0.511884580766108;0.0913706802062182;1.20696931147366;-0.208744251158484;0
0.535914554459095;0.0296334045915356;1.24031346421542;-0.387401041626433;0
0.577741368950769;0.0180355267542223;1.34215225366391;-0.405776657193289;0
0.579910747059792;0.0707633199511548;1.30897951988644;-0.237710092168583;0
0.633176842071756;0.0218115982816717;1.43945911877673;-0.369070363603863;0
0.624673971866249;0.0181636773427214;1.36151637928054;-0.370796908158575;0
0.600506877615933;0.066204646551545;1.24156641210019;-0.225836703451931;0
0.578472625621086;0.0430706960713276;1.12711396137248;-0.287958601411455;0
0.543316928867822;-0.0215061345614594;0.97286033384108;-0.464353881430304;0
0.481488560459699;0.0632270716681091;0.756877235056657;-0.223646022800015;0
0.434374482140188;0.0157825821570827;0.584701264740415;-0.351153571478779;0
0.412484775985208;0.00513270483239259;0.500109652416331;-0.372198714988802;0
0.446405531676323;-0.00669405320017126;0.58491977489954;-0.391027930938011;0
0.427501252440881;-0.0381420722719146;0.510412549153444;-0.464523172032856;0
0.44387996540573;0.0383435040096464;0.548194989561263;-0.253775993745075;0
0.452773468541144;0.0450065988814349;0.558175211253939;-0.229844263386756;0
0.437473989234412;0.0791934769363137;0.502399893981194;-0.139235897875973;0
0.444146061348976;0.0598658229556497;0.505586346849349;-0.183480293212641;0
0.483814312365281;0.0829066414990298;0.599738122921292;-0.120379011936616;0
0.484418172826332;0.0656666921159227;0.584373425634694;-0.159290244994457;0
0.479146927408565;0.115252133946368;0.558038696642594;-0.0377505768135624;0
0.477264056009058;0.114934439101602;0.538761304895653;-0.0379326807616729;0
0.473727289257712;0.0607856349173893;0.513427882794883;-0.16316062223297;0
0.457222000328827;0.0965668838529505;0.461330499217556;-0.0783284735545107;0
0.450436904485355;0.111661855991866;0.434049243215377;-0.0428601692961133;0
0.440134546516579;0.0855055651666052;0.397504057099553;-0.100917586062119;0
0.424872131439866;0.0494257795663232;0.350209332068127;-0.178994544653898;0
0.469952698248232;0.022344023902605;0.446433317405265;-0.232248762366918;0
0.430223319866628;0.00838253005879758;0.343835012733806;-0.258895987248101;0
0.424169137321478;0.0611241865651871;0.324255387930377;-0.141645292385309;0
0.441633502184983;0.078615620223848;0.356812065521845;-0.101390134356817;0
0.480296886338057;0.0991606782457503;0.435240411839167;-0.0554129728055446;0
0.481292750829851;0.0847622833141495;0.427338248950957;-0.0838219171017099;0
0.506092812116833;0.0826633091103017;0.471480401940437;-0.0856312192265091;0
0.510566681170375;0.0438278151828841;0.469640568875708;-0.161475752903684;0
0.486790057121135;0.0621804876701251;0.410353769787676;-0.122874368000575;0
0.504084999967466;0.0880127484025994;0.438482633873641;-0.0695976824370927;0
0.525841503929376;0.0771628562149766;0.473698495751059;-0.0886269975790241;0
0.552009322324215;0.04364242692278;0.516040367244037;-0.150194997402171;0
0.586126547994074;0.00548244533025432;0.572806012135836;-0.218430660422386;0
0.627958850816484;-0.017966432967908;0.643441319248746;-0.256995181278753;0
0.632169736566596;-0.0370920902662883;0.638554184125141;-0.287488134316333;0
0.65314726395591;-0.0558295622166356;0.666189960721329;-0.315931723927404;0
0.638325380729183;-0.0647733588933025;0.624971224457879;-0.32681806231099;0
0.66710899929396;-0.122442132693849;0.665993189736076;-0.423218408460688;0
0.668633265635662;-0.176584236570921;0.65508691318559;-0.511333607814251;0
0.649354864595731;-0.145006210997735;0.608257526614778;-0.447729990575324;0
0.649826484900966;-0.152420983934568;0.597870138320615;-0.452822750877023;0
0.642736148042881;-0.174982326012272;0.573787261558688;-0.483862856151838;0
0.659037565464912;-0.202434003524859;0.592049623026292;-0.521792167237123;0
0.676580176390025;-0.240262642331647;0.611767144152035;-0.576067930803624;0
0.683628560739024;-0.267870485802636;0.612829534352258;-0.612170084590046;0
0.65771512326566;-0.286530801560822;0.557019800147365;-0.633339630138165;0
0.64272268820169;-0.261993564909387;0.522383350731115;-0.583425338396673;0
0.645058900194711;-0.292897103595716;0.516884830386454;-0.623758852707827;0
0.684880659554264;-0.3104929738119;0.574804025759678;-0.641029354474154;0
0.67326237748315;-0.323701652199148;0.545696712389444;-0.652012290475521;0
0.676838018408018;-0.353988657508186;0.542042330322026;-0.689143253583723;0
0.663037760566187;-0.384942616139043;0.510101336102108;-0.726738435734245;0
0.653043492518029;-0.352316030413628;0.486425347152849;-0.665594539631826;0
0.662022210356087;-0.34080106176389;0.493333049954696;-0.637719838690797;0
0.63189794670432;-0.332039256373395;0.437870581332533;-0.615457841458226;0
0.647895572870516;-0.342826581189679;0.456033925010815;-0.62205772102854;0
0.645402714999741;-0.318129387761234;0.445580203545745;-0.57624725936931;0
0.657464213797915;-0.353206371818059;0.456737680097818;-0.619101271310821;0
0.662278877156043;-0.386557937352731;0.456543308562947;-0.658585443884956;0
0.650140213633923;-0.399918685588638;0.430934097589793;-0.668600413649619;0
0.642934742074549;-0.432283523548751;0.413006671644037;-0.705520154677456;0
0.630976864880582;-0.466647981138765;0.388339755246917;-0.744535730480653;0
0.618421673933756;-0.474197251206995;0.363868182976488;-0.74489542716777;0
0.599494110931706;-0.486158292352576;0.330468812535623;-0.751535383318584;0
0.61265169056668;-0.479320489429301;0.345128132718077;-0.731345732046805;0
0.632635138554089;-0.462953777211868;0.369557266955226;-0.698360494399385;0
0.639389558844745;-0.504158388231221;0.373275843288595;-0.744916564184337;0
0.642173572044037;-0.523553540301918;0.371654282254081;-0.761018758991718;0
0.647636369176633;-0.550496505584073;0.373729280919411;-0.786870777801599;0
0.638417598470159;-0.533286602061977;0.355902642452889;-0.753582700348041;0
0.655321244251931;-0.562735571068943;0.374140057591238;-0.782239192892875;0
0.662999874936031;-0.575976868095947;0.379479405900012;-0.789191439474245;0
0.650794601114946;-0.59062220580364;0.357206856794624;-0.79821955727946;0
0.645060933192293;-0.55422008742203;0.345268240828931;-0.740852542795812;0
0.651574504407001;-0.538646733211087;0.349863105275087;-0.711172545413873;0
0.662853235238617;-0.587698941442713;0.359550243146029;-0.764466989782454;0
0.679317427135341;-0.568379763320589;0.377380244465319;-0.729961122359142;0
0.664536185747598;-0.62181449292216;0.351605082173096;-0.788313916828461;0
0.673688405620432;-0.637760117859337;0.358910764015818;-0.798197313826086;0
0.667259950060731;-0.633197704555219;0.345891814066653;-0.782745381512009;0
0.637750585858415;-0.623957997700068;0.302883557846284;-0.762289551458168;0
0.649025775659314;-0.624225902036255;0.313783985601393;-0.753036968548946;0
0.653166914450306;-0.640713417543739;0.31487869629406;-0.763844473525276;0
0.63168353851542;-0.638488806406845;0.283233912718988;-0.752355809035534;0
0.645010272379016;-0.684119782284559;0.295900928812368;-0.797851044583267;0
0.653100724886505;-0.663751023571706;0.303032295518722;-0.763825304920985;0
0.633489573519656;-0.675124769584884;0.274145032457713;-0.76866788164748;0
0.646004704100183;-0.688519439904283;0.286363270055366;-0.775120679429386;0
0.632406003685765;-0.710839655888997;0.265311137046577;-0.79248300853905;0
0.622361552612881;-0.710661268294113;0.249567772855894;-0.783249188872952;0
0.626401174732716;-0.730809042599574;0.251201710945743;-0.797411008206262;0
0.616701126637538;-0.6987734405387;0.236924918279728;-0.751544871097786;0
0.601170297816825;-0.701587011044585;0.214917244691399;-0.746499240804302;0
0.589805486980508;-0.711744301934575;0.198235080629091;-0.749807039851352;0
0.580191508932686;-0.715482594687599;0.184120588668107;-0.745754108668223;0
0.580028367747504;-0.78227939696448;0.180297474838151;-0.81253552494933;0
0.580123634857193;-0.773872188515723;0.178596636101541;-0.79400150992468;0
0.54836813183982;-0.782104610230782;0.138073308326537;-0.795052418063564;0
0.534494672213467;-0.798767480884096;0.119510078473585;-0.805001687394304;0
0.543686085799456;-0.831461380985634;0.128484924412272;-0.831898658740988;0
0.546243950596585;-0.82751447436898;0.130289287278135;-0.818359742518496;0
0.545878371465098;-0.861070605739214;0.127673229465187;-0.846005650340423;0
0.532392125429223;-0.874961725112824;0.110048175799315;-0.852199588422024;0
0.535092796841424;-0.864787273406646;0.112392949959391;-0.831911507725086;0
0.516552704412485;-0.845589305256267;0.0899647569458525;-0.802785474604217;0
0.503241027260684;-0.830731613149042;0.0738946009590275;-0.778622436804842;0
0.504536936545012;-0.865422563079721;0.0738419417727783;-0.807178356406532;0
0.495104190101812;-0.883063433881747;0.0617507025366989;-0.817519307332128;0
0.508537925702411;-0.902331432976599;0.0763128946338208;-0.828815828995997;0
0.500225013034016;-0.941236946357176;0.0649967242842549;-0.861126359166906;0
0.495972116420547;-0.961062236289093;0.0590367189703651;-0.872911911516227;0
0.485409660285934;-0.960805554140785;0.0464600858827803;-0.863809094136069;0
0.477006781536128;-0.978766085926255;0.0360383987850073;-0.873646041889474;0
0.45399365178186;-0.988447737740857;0.00930610056776379;-0.875210351594772;0
0.451117770581315;-1.00874803027985;0.00559457352577946;-0.887089893913497;0
0.451684535257584;-1.03350906791012;0.00571876693781941;-0.903260859621782;0
0.455627492781311;-1.03055862140682;0.0104612388021173;-0.890886719192357;0
0.455313911201635;-1.02476012795122;0.0104107560477335;-0.875923952000907;0
0.439231270235766;-1.02516786929221;-0.0075976809784381;-0.867904229106063;0
0.428056552047097;-1.03281305616399;-0.0200531375332557;-0.867135076470819;0
0.438416446654359;-1.03555480778345;-0.00802920907675453;-0.860818328361992;0
0.454264342059064;-1.06283383230213;0.00923404821873869;-0.878921845683795;0
0.446812746575355;-1.10776528163811;-0.000301986768121172;-0.915047364745319;0
0.450480267143851;-1.13425344741866;0.00324998732616252;-0.932057792535436;0
0.450735778064062;-1.14430578266733;0.00347108344279141;-0.932712734328013;0
0.458629814857587;-1.16149596041226;0.0119439789517981;-0.940142199130004;0
0.460037178845426;-1.17778391771688;0.0131472445716636;-0.94679358547906;0
0.463485173708014;-1.17458909405998;0.0172175742393397;-0.934250893109027;0
0.454476860478386;-1.17106253316307;0.00749661709447965;-0.92195460034539;0
0.46182413418804;-1.20062080926839;0.0148393377001919;-0.941401747801969;0
0.465509489277281;-1.21253589090238;0.0186430351288892;-0.943644813624311;0
0.482533664177875;-1.22080373144836;0.0371702044079813;-0.941894805765089;0
0.474703323273001;-1.21785722591676;0.0285881686936881;-0.930222198459561;0
0.450388048797068;-1.21348676281427;0.00211360374016667;-0.91789544620551;0
0.443476867898084;-1.1988377362526;-0.00464935309943038;-0.895304059629417;0
0.439536869101216;-1.22475610463984;-0.00949224238400923;-0.911548942664491;0
0.426702686370238;-1.22353303268789;-0.0230220570420346;-0.902115883830596;0
0.411468455812997;-1.24897814540616;-0.0399420603235529;-0.918150384430868;0
0.406725364571582;-1.2334170378956;-0.0437842669896124;-0.894873156860086;0
0.399840732103582;-1.23652282198166;-0.0505773627061333;-0.88954513112327;0
0.386262641638044;-1.24086876637834;-0.0645952616496771;-0.885690462514345;0
0.384410444529366;-1.25340681958807;-0.0660374581811743;-0.889130200496782;0
0.381857667764267;-1.25311208729734;-0.0677466013342256;-0.88055937255651;0
0.384511030698859;-1.24709818696658;-0.0635918371345046;-0.86656438132431;0
0.381025174760111;-1.22006384865209;-0.0653288947316794;-0.833415928894973;0
0.3725191267378;-1.2341935862052;-0.074024862297946;-0.83904016807914;0
0.38060986374827;-1.25621287351537;-0.0650211152031708;-0.851266629152453;0
0.372906838920304;-1.26471922166464;-0.0726206038026381;-0.851481135988024;0
0.362503429341313;-1.24931867037575;-0.0821106118721376;-0.829771715189531;0
0.352907259211342;-1.2456648557174;-0.0910826153665549;-0.819078619530077;0
0.351612422109342;-1.25747880053538;-0.0916368610060477;-0.82236808793933;0
0.344961338633717;-1.25817263457092;-0.0974971211122072;-0.815654707237406;0
0.330240090507749;-1.24261899782525;-0.111304439623687;-0.794499705517604;0
0.320471350838731;-1.26547449797625;-0.121191749081998;-0.808393488865698;0
0.316083946349203;-1.27009530624272;-0.124453269506111;-0.80532407011317;0
0.314537413522956;-1.27733495508143;-0.124740342498441;-0.804549934533919;0
0.317406480056479;-1.29421045856027;-0.120691402048096;-0.812334431134726;0
0.315936148526585;-1.32212696449795;-0.121793009248103;-0.830201252206175;0
0.325103796693562;-1.34437830831836;-0.111257713474764;-0.842312523448952;0
0.301663967235109;-1.32906884043089;-0.134142626856541;-0.821813073898136;0
0.26680825290076;-1.32162441303036;-0.169317152677661;-0.809094045594103;0
0.269008279559114;-1.29158775257553;-0.163520914288543;-0.77463219658477;0
0.255420525043913;-1.29660066484979;-0.176172371640228;-0.772649390533961;0
0.248566636345666;-1.31062089985426;-0.181879414214786;-0.77845953417245;0
0.241347382834574;-1.31550261148227;-0.187515242605036;-0.776054172906921;0
0.226628372243113;-1.29681303987449;-0.200065287225977;-0.752962648164206;0
0.207929868620374;-1.28532754938853;-0.217046896355568;-0.736707428419528;0
0.20868467786242;-1.25816848481346;-0.212384919489584;-0.7058070833746;0
0.200280436804642;-1.27153738717077;-0.219361229869664;-0.711655015218286;0
0.186335325574042;-1.27107188016256;-0.231552254623451;-0.705411870276233;0
0.172977666237311;-1.27555319175053;-0.243208309333092;-0.703589042193751;0
0.169246515400273;-1.27252479778586;-0.24412793094155;-0.694698303540773;0
0.15918285679175;-1.27024607361668;-0.251828074035962;-0.686849602212269;0
0.149530146678047;-1.27644720883987;-0.259397225556321;-0.686548101770538;0
0.159864504521589;-1.26572037070253;-0.244786828346958;-0.670395816770264;0
0.143633288363405;-1.25810830970188;-0.258813181299867;-0.65838428937189;0
0.130555225851521;-1.2262958163494;-0.26820022226047;-0.625046508575979;0
0.132719528631465;-1.24429993216806;-0.263571720969622;-0.635115728074805;0
0.136151036153737;-1.23322416232365;-0.256270252494545;-0.619490349212129;0
0.130511962546634;-1.22528775822665;-0.258872384276625;-0.607203609649305;0
0.120710036113654;-1.17977737545164;-0.264103237665851;-0.562305045880621;0
0.107336968155662;-1.16071146971695;-0.274359995197981;-0.541168538395359;0
0.102687451140755;-1.11434096480681;-0.273897742610879;-0.495931805441806;0
0.0899166108687565;-1.1159112852028;-0.2844241108014;-0.493424972526272;0
0.0697163949714953;-1.09709773449572;-0.301778393949309;-0.473499112034033;0
0.05455821249974;-1.09786515223554;-0.314525374343353;-0.470600452639635;0
0.0486258956295126;-1.10036223416421;-0.317377989937817;-0.468784056456559;0
0.0525080286519194;-1.10280143072502;-0.309724631047279;-0.466452967671059;0
0.0447602679461715;-1.08551249325726;-0.313594925004333;-0.44754445984106;0
0.0316339137915462;-1.07392158185008;-0.323452011472422;-0.434036426307007;0
0.0348725271393531;-1.05615197216095;-0.31543171532632;-0.41447090252579;0
0.0280924321753876;-1.04248500111539;-0.318403312075457;-0.399154429494093;0
0.0302019402200141;-1.02856506863357;-0.31184232263271;-0.383317346429562;0
0.0486108311642186;-1.0296923970958;-0.288700671915987;-0.379869586976482;0
0.0626924946051104;-1.03685543048296;-0.270730641467624;-0.38191257667703;0
0.0523398294972529;-1.01379808501784;-0.277531867755992;-0.358983799672782;0
0.0414615498233575;-1.0140704092234;-0.286011002424432;-0.356500084548384;0
0.0344271482451889;-1.00439123820204;-0.289787815933176;-0.345225748745725;0
0.0235336450445387;-0.992259491948263;-0.297529169740759;-0.332128174740233;0
0.0197678547844016;-0.982291645029873;-0.297682618709521;-0.320655799562061;0
0.0271001577783883;-0.97119214819266;-0.285911587195935;-0.307741543731189;0
0.0178843639518577;-0.969904049828785;-0.292474329113174;-0.304278357924837;0
0.0140501131489199;-0.965351533651187;-0.293043280319803;-0.297747188374214;0
0.0367486406739477;-0.965350233578621;-0.265450533867439;-0.293834715919007;0
0.0250011833446698;-0.951103459370009;-0.274281547565199;-0.279455032619364;0
0.0321336475618669;-0.915737963673464;-0.261716103507308;-0.245998291970623;0
0.0345362994087641;-0.925367531081467;-0.25670240815415;-0.251908153282022;0
0.0338829879383427;-0.905336457703841;-0.253465012231363;-0.232347873609366;0
0.0453522693383985;-0.901815218576619;-0.238146098407192;-0.226563970030602;0
0.0357728302398983;-0.890845877901651;-0.245154703142644;-0.215521570516561;0
0.0297464654607456;-0.865014909286812;-0.247505321964545;-0.191582480110526;0
0.0386693553431358;-0.849791975422566;-0.234373794173525;-0.176207584161466;0
0.055284124552415;-0.85189296199973;-0.214053328842297;-0.175490111315439;0
0.0439806943719596;-0.848022142033673;-0.223573443225928;-0.171120276516397;0
0.0545065704257778;-0.819159047328269;-0.208255421019303;-0.144112315146785;0
0.0653757475621049;-0.81361389568903;-0.193979033762762;-0.137403792045919;0
0.0598872870339013;-0.793449833803375;-0.196634434045561;-0.119047613092798;0
0.056635092859729;-0.794254948862776;-0.197985308611889;-0.11877805196399;0
0.0576750780078901;-0.784645842766581;-0.194158556335584;-0.109320633987008;0
0.0688990979820595;-0.783022544365558;-0.179866219069596;-0.106274804360307;0
0.0598543680150813;-0.750255562272926;-0.185832497649383;-0.077554283022444;0
0.0703041729191788;-0.761370265688789;-0.173154179780883;-0.0857848048279814;0
0.0757262130204521;-0.76055279892265;-0.165369239734624;-0.083955758467961;0
0.0822580913599449;-0.765620766453809;-0.156790658160749;-0.0871485411078905;0
0.0866503965055178;-0.759960798279122;-0.150024840732796;-0.0812063246295611;0
0.0949415337079077;-0.748346243543395;-0.138820614013134;-0.069988312414869;0
0.105870201159473;-0.754277326383957;-0.125849260776471;-0.073819505337858;0
0.112415704906646;-0.7335292284245;-0.116289384309586;-0.0549176033287239;0
0.113031985017769;-0.721195851514969;-0.113674052137415;-0.0437405125273614;0
0.0986332391136907;-0.7007302229124;-0.126811075303154;-0.0264799943302443;0
0.086430523360487;-0.664173211417856;-0.136582632299189;0.00459418081908141;0
0.0849369278071484;-0.653069553057111;-0.136114891678196;0.0140958081382415;0
0.0768703714709968;-0.616549527449981;-0.141356955188829;0.045016589692522;0
0.106985148939533;-0.614384851811694;-0.107300465259003;0.0481985296878962;0
0.111567459442172;-0.601340293058475;-0.100521194571638;0.0593069901447632;0
0.105019333581398;-0.595550905708558;-0.106206100087076;0.0634714670056388;0
0.103384591690697;-0.581587479337829;-0.106093432400362;0.0749011022680529;0
0.0987334070406087;-0.556386401136079;-0.10862766522898;0.0957351471391216;0
0.100892413431503;-0.553733469807418;-0.105031544813507;0.0973645991600439;0
0.101983465996808;-0.563765369767393;-0.103316929041902;0.0880066402598438;0
0.0948786531508527;-0.563455846879656;-0.109890566633565;0.0871794624482422;0
0.103175004270582;-0.567921794044762;-0.100042667110064;0.0830931090119043;0
0.110800580148155;-0.583601989773335;-0.0916329120903176;0.0693490495689063;0
0.129983896873198;-0.574084802915724;-0.069460782333512;0.0780358781071843;0
0.126822466298007;-0.565541088892019;-0.0716955540358324;0.0845790782399857;0
0.124789205514191;-0.573606864969474;-0.0735991828878473;0.0768302455075483;0
0.128120718909216;-0.570358693731192;-0.0690694378711315;0.0791828558104559;0
0.147580947001302;-0.544893480320763;-0.045963002125135;0.101525121747865;0
0.149841002270171;-0.533434561877525;-0.0424532970523726;0.110661926191068;0
0.138512299287433;-0.510215217877283;-0.0530182760427764;0.129105856465384;0
0.140815232261399;-0.512595695398823;-0.0501561123983901;0.126090197574382;0
0.140399458295711;-0.522189600719757;-0.0506541079820542;0.116735171316334;0
0.161463909136999;-0.506533856805668;-0.0265544945528805;0.13039219855846;0
0.175881141614569;-0.503584071176279;-0.010597821116984;0.13260574669919;0
0.189476086471075;-0.492894389509967;0.00472108928813395;0.141418223146822;0
0.189334542760115;-0.480741839670034;0.005104387769809;0.15065725792172;0
0.200480308378722;-0.476588811185129;0.0172419399568656;0.153536985438282;0
0.212109971242591;-0.500662639642085;0.0282275094850104;0.132069659369496;0
0.231991425866378;-0.501375216451045;0.0493058985939508;0.131379766988082;0
0.233210632968856;-0.502748669928939;0.04994228291737;0.129093769543196;0
0.243712231489911;-0.477929586111103;0.062043016645516;0.149933446324214;0
0.26175202634924;-0.479433057759888;0.0807164555396669;0.148285565836428;0
0.26881574983319;-0.479490943606142;0.0873964650011234;0.147289217445036;0
0.267962422605625;-0.492850107820719;0.0847139853138459;0.13438265097234;0
0.267993078255049;-0.501568228439874;0.0832775026562143;0.125642904446329;0
0.25851599790988;-0.481719375830281;0.0731340745133031;0.141128578451954;0
0.264880119731259;-0.480599481652128;0.0792103825851785;0.141176433469813;0
0.26255638686791;-0.481766606528281;0.0756943992636459;0.138770567427791;0
0.273962653362093;-0.504711430690575;0.0858892211753756;0.118319854801807;0
0.260372108025964;-0.525732445914819;0.069034448049204;0.0983364968060767;0
0.259061779930377;-0.52298551983915;0.0669620140966316;0.0997461970595226;0
0.263034058279534;-0.499214190508196;0.0717760848032633;0.119608585866718;0
0.261965183487657;-0.484716847813846;0.0705636940908032;0.131005466797944;0
0.280812273204128;-0.478035374598716;0.0904957431414089;0.136631674900912;0
0.29672765563157;-0.489211255539699;0.106062327627763;0.126592861005031;0
0.310502387783012;-0.488673127654228;0.11978609254812;0.126648337228765;0
0.327445114056839;-0.496553131562428;0.136334234310734;0.119583843266554;0
0.347829261799778;-0.494824037956294;0.156957423284484;0.121073490549987;0
0.356613967869705;-0.518091969861844;0.163434158400172;0.10027053577195;0
0.365756983767055;-0.501761135713723;0.172393157442684;0.113943729416901;0
0.392051148920548;-0.490705999198365;0.199539509265836;0.123858652309038;0
0.401840883873758;-0.509204793284017;0.206902296745446;0.1071814137566;0
0.39380772381836;-0.511619239249943;0.195759497873165;0.10360753739452;0
0.391169300764899;-0.502913517540577;0.191187466255723;0.109997532891469;0
0.409681008707978;-0.485427490245008;0.210052968005653;0.125091017611046;0
0.405200722284148;-0.487462714955906;0.202734989366282;0.121879587408948;0
0.416299696853401;-0.499597517767438;0.211832136573561;0.1107892383298;0
0.429683593515159;-0.485649311796768;0.224725626419882;0.122525953364649;0
0.428637282236336;-0.486484060261654;0.221034908963803;0.12055489850684;0
0.447591943585745;-0.48525753971465;0.239172128063035;0.121472697339533;0
0.445473941963834;-0.471056931923295;0.234976216611488;0.132486899417077;0
0.451149814526728;-0.452324911571453;0.239511415244816;0.147761854797416;0
0.46926697413006;-0.456440173964157;0.256238643070017;0.143750265156899;0
0.464221063823655;-0.471773853722772;0.24707514313091;0.128776544073164;0
0.449300022483842;-0.47351452298376;0.228049547771091;0.125202394531905;0
0.456741553851204;-0.453277750598655;0.234657700418449;0.141956027646654;0
0.466336724227957;-0.440090540600771;0.243138967763612;0.152557178965787;0
0.469146232170753;-0.441435863056271;0.24338330143427;0.150076217276193;0
0.485735067441227;-0.465918848863568;0.257317339785678;0.128261694877466;0
0.492322583373047;-0.464417747641627;0.261669315262777;0.12866092290914;0
0.496721135786405;-0.462582141975019;0.263618776918462;0.129227102033883;0
0.49561711476904;-0.453727285035249;0.259958863658466;0.135591007915046;0
0.496741406377486;-0.474713936569082;0.257146818617036;0.116086295419818;0
0.508488115204542;-0.466865766861084;0.267441849473547;0.122386190178076;0
0.52144586323789;-0.468596656189927;0.278420018393605;0.120363280407545;0
0.5300641888748;-0.47104753205293;0.284536613445217;0.117492628389111;0
0.537617763882406;-0.491802537219859;0.288452029200688;0.0986682808364844;0
0.558961102609471;-0.491141473916067;0.308434944768758;0.0993698974196739;0
0.564767805249173;-0.477350429207615;0.31205842613639;0.110643045650993;0
0.579572796740356;-0.501883306848508;0.323339791584457;0.0889572542307819;0
0.583142593291019;-0.484783555458753;0.324557652338871;0.103075802330245;0
0.589122793714633;-0.480546451616212;0.327679572439102;0.10600737823347;0
0.595789678597214;-0.522522403113187;0.329038793655907;0.0687270947177934;0
0.59005327304335;-0.532608272589693;0.318660136833231;0.0588638829714616;0
0.59353505091923;-0.536677695177636;0.318716721969413;0.054821969867793;0
0.589756456551571;-0.536491166405672;0.31112974954475;0.0541327831134916;0
0.573883091955685;-0.537099179001177;0.290468729277027;0.0521162939114446;0
0.5638250458097;-0.530670593639774;0.276714816669075;0.0565672748461108;0
0.57052159792736;-0.53419043218367;0.28074505546386;0.0532158447044084;0
0.567581823165271;-0.528640843672093;0.274767758463663;0.0572779578045496;0
0.574800802998342;-0.530498954644772;0.279474084245745;0.0553958492290543;0
0.576110063221705;-0.556902487462179;0.276414872472938;0.0318259211348213;0
0.573363597160649;-0.539759556980565;0.271322400678304;0.0461927417611757;0
0.578668965519809;-0.54029986603379;0.274067424353752;0.0454553204789376;0
0.58523664040586;-0.55231818737616;0.277541283366284;0.0347856317603076;0
0.586252376029363;-0.565254757301953;0.27491421202428;0.023110893652304;0
0.585997224153149;-0.572295159791858;0.271257463796467;0.0166114921585603;0
0.597375530772145;-0.558156488644683;0.28138376956889;0.0292539476773246;0
0.57641004244066;-0.58784146010169;0.253994268061651;0.00185119824261135;0
0.574574670923219;-0.598301284013297;0.248682082306837;-0.00751802575632245;0
0.605599764659514;-0.598567758056147;0.279605533546834;-0.00616973678803848;0
0.596197242752654;-0.609327297041305;0.26579794011264;-0.0161463059301436;0
0.590967365802698;-0.611325263868596;0.257135198829698;-0.0181647158609655;0
0.592200719753794;-0.614130823210621;0.255533390466085;-0.0205228725041408;0
0.596967308989098;-0.636334317849319;0.256754043931262;-0.0395963305196179;0
0.593661587446076;-0.639367933443113;0.250233911504977;-0.042205719011895;0
0.607454902740494;-0.668532504742901;0.260943920090393;-0.066685834931697;0
0.602224292615877;-0.684918672571446;0.251598954990953;-0.0808139362077533;0
0.603433705429818;-0.687418885824374;0.25008087307843;-0.0823544187426488;0
0.615298863598779;-0.704158643856039;0.259381326168529;-0.0957458263874235;0
0.610335782088189;-0.707392892564465;0.251054853601036;-0.0981263397631748;0
0.604190493430812;-0.708217947222332;0.241665825801847;-0.0984409233433253;0
0.601093841118227;-0.720383689787003;0.235085862594206;-0.108487241211251;0
0.594274077710256;-0.724561424181685;0.224967944795725;-0.111664827090185;0
0.592529830053046;-0.73132582844914;0.220328660504612;-0.116799846046089;0
0.599836376685028;-0.745965692305126;0.225140559764196;-0.128286873484649;0
0.600987128652029;-0.757584140267516;0.223391227805798;-0.137362547441001;0
0.594224975978824;-0.767827887798971;0.213158863608636;-0.145574803855353;0
0.59992598836651;-0.769906025841745;0.216985879963735;-0.14592123033531;0
0.604741397830969;-0.779389054999549;0.219420956993298;-0.152781006123963;0
0.598171671720149;-0.790958140726334;0.209379333836013;-0.162004159918504;0
0.593558383865109;-0.781209870825374;0.202696077394789;-0.152416938346653;0
0.576040269190296;-0.804422158284336;0.180353453922807;-0.172383059322674;0
0.566690938579397;-0.805764720926388;0.16827282648292;-0.1726266437418;0
0.58652129794803;-0.818724459200017;0.187348779886376;-0.181475579391693;0
0.582695079209376;-0.839383471522459;0.180168639699891;-0.198229124395864;0
0.566327952040396;-0.859077774179054;0.159530013854788;-0.214649057723546;0
0.561487716823018;-0.864573672966233;0.152368739550633;-0.217901433335783;0
0.560315575676705;-0.872542924689056;0.149133968943046;-0.223090007111799;0
0.570094162681129;-0.89128576614897;0.157243097496714;-0.237070796408692;0
0.568517870914302;-0.894398799959294;0.153782509209007;-0.237870928659473;0
0.574431606131978;-0.902224668323701;0.158232583069402;-0.242387555361721;0
0.568602555396058;-0.888923629369425;0.151015777234168;-0.229018810116311;0
0.57569268717596;-0.894898312608571;0.15686396068088;-0.231932574399271;0
0.569761171275409;-0.911099951164746;0.147996216396526;-0.244446802888842;0
0.56604304720066;-0.899863510391597;0.143071670834206;-0.232746599976382;0
0.57814916512001;-0.931131154406516;0.153118498329025;-0.257470330617149;0
0.587929135497709;-0.944513543301471;0.161485871084051;-0.266470025164958;0
0.584366047673505;-0.943873276865948;0.156037811044897;-0.263836713251697;0
0.593590209561572;-0.947454139001594;0.164288421879444;-0.26424305305109;0
0.594566882666681;-0.94342826169274;0.163907620374203;-0.258432515214894;0
0.588273442326416;-0.937543461164735;0.155744239246738;-0.251428737072008;0
0.583296358129229;-0.936949425809442;0.148815647273637;-0.24903881964092;0
0.573600816216135;-0.951372397539077;0.136059092930412;-0.260043481291747;0
0.570785083539329;-0.947678647062679;0.131854765348226;-0.25474366966872;0
0.546574190998564;-0.957355743749513;0.103800085455589;-0.262300653586681;0
0.530810070473612;-0.964772864229082;0.08532976604528;-0.267357726826503;0
0.536784837527713;-0.962150009164856;0.0911542243396409;-0.262442461927978;0
0.521984035108809;-0.948222358701967;0.0749843464760795;-0.248776307443025;0
0.509480476558646;-0.944605206210614;0.0609335009270766;-0.244117461580397;0
0.502780752327276;-0.935608354819467;0.0536062006656711;-0.234483677633675;0
0.503510317730122;-0.931301839491829;0.0541611238023119;-0.228643303985992;0
0.484597585624335;-0.9353728086851;0.0329768017048093;-0.231209272171006;0
0.487807802042653;-0.955675404389723;0.0351550221943196;-0.246778451781776;0
0.492207492324132;-0.963237333691979;0.0392740028631361;-0.251007366697343;0
0.502101120355779;-0.966454492503621;0.0495328665177422;-0.251113934916426;0
0.494882120381231;-0.968528583240911;0.0411909329843852;-0.25112090849836;0
0.507697597677868;-0.992693671258929;0.053499662436539;-0.269395583564649;0
0.498567998572033;-0.971354764403998;0.0442783990224538;-0.248866456686616;0
0.486475731872809;-0.96860378296715;0.0309629031394685;-0.24492526375616;0
0.491761698763924;-0.990195492627988;0.0353531439626701;-0.261393278961164;0
0.482475354842535;-0.995268566473567;0.0247734513563001;-0.264033362951872;0
0.469592553837781;-0.986004061904318;0.0111622066294681;-0.254292504189928;0
0.483489492323469;-0.962450923303437;0.0274677901908859;-0.230731721347526;0
0.466278148377112;-0.969229341112489;0.00827919571502385;-0.235543729395648;0
0.462906723162408;-0.967087678802034;0.00476940982273744;-0.231777372401297;0
0.464467097320149;-0.96439810025352;0.00666997267683906;-0.227305130610911;0
0.460994898046853;-0.951249873108977;0.00363979566561905;-0.21398837489185;0
0.442569135506024;-0.968015044025688;-0.0171362050549533;-0.227734148190377;0
0.430829553774855;-0.977336024817447;-0.0300426588780814;-0.234487092894031;0
0.424149799409739;-0.981406367272816;-0.0370463940516858;-0.236316566246746;0
0.410770151133846;-0.978455138552911;-0.0508674467811048;-0.232334773902327;0
0.395873205721193;-0.974193173398589;-0.0661160645605052;-0.227313616571191;0
0.397643840749797;-0.964817440870581;-0.062868958373769;-0.216984205733474;0
0.392393688674132;-0.96620010571442;-0.0678344011654367;-0.216524992274743;0
0.393512540035151;-0.972151232173927;-0.0660819346564115;-0.219730399044944;0
0.391063402091759;-0.986641946880758;-0.0686603646130008;-0.230564788962486;0
0.374654232112398;-0.979408355067458;-0.0851996153376344;-0.223029455165175;0
0.370353744046511;-0.977197791309268;-0.0887016962548505;-0.219312645483045;0
0.377763079624505;-0.980926074490057;-0.0797867673840204;-0.220209502138884;0
0.369523586793088;-0.986937074424428;-0.0880480837394967;-0.22391783262909;0
0.354199239782247;-0.991030108056516;-0.103795867734323;-0.226281838159631;0
0.329489333248671;-0.982819388680719;-0.128899942337997;-0.21834498711305;0
0.325195401739962;-0.978929490214619;-0.131833892579042;-0.21317738485999;0
0.33532811529225;-0.971650190463928;-0.118925925982312;-0.204334925056178;0
0.331278083692491;-0.963956368889202;-0.121512549304272;-0.195955741646771;0
0.34279264441914;-0.957453979590508;-0.107268936712564;-0.187877670030659;0
0.317755048976034;-0.942572962870513;-0.132361320542736;-0.174459627031319;0
0.304575712420924;-0.914241256307194;-0.143632740008853;-0.148761365995757;0
0.301850228380462;-0.905016375446405;-0.144463785178386;-0.139450236268581;0
0.297570070115876;-0.908053027332132;-0.147616395718398;-0.141027259896969;0
0.308286582532668;-0.91745754409384;-0.134813708539706;-0.147374981691304;0
0.303077902998222;-0.899269989915715;-0.13796421963405;-0.130370809980874;0
0.296885677043957;-0.895581144066386;-0.142912990332289;-0.126248255756403;0
0.304376537095175;-0.882040253079481;-0.132465856645207;-0.112826698162681;0
0.288339773150121;-0.878700076235279;-0.148170926314333;-0.109681024160644;0
0.291171136550817;-0.864887195639577;-0.142710769901082;-0.0964083335955306;0
0.290697213498827;-0.846416797593053;-0.140655636281631;-0.0793542814714452;0
0.28634036579864;-0.837158076755342;-0.143321344325803;-0.0707117835691348;0
0.277617310340796;-0.82688021045587;-0.150641143583888;-0.0614808269429069;0
0.279775694935678;-0.794954176659947;-0.144961744183841;-0.0328235312219701;0
0.279427675265574;-0.794576363684392;-0.143724380495044;-0.0321469141361039;0
0.285377246284998;-0.79523514919037;-0.135730022280163;-0.0320543954058095;0
0.290564296088867;-0.775425624670822;-0.127579199552395;-0.0141039043163749;0
0.289004295095175;-0.772101723923694;-0.127700236277905;-0.0110876837061873;0
0.297192978781193;-0.770190087842303;-0.117330280742128;-0.00882360996086631;0
0.295736002229826;-0.754715401823499;-0.116818771837133;0.00477373831518428;0
0.299492344806028;-0.749488970890857;-0.111205737946348;0.00956005186305444;0
0.307836825317668;-0.734177429763872;-0.100156728709884;0.0233618905593403;0
0.302430426132922;-0.729095294400581;-0.104672247280582;0.027370636866254;0
0.295699416689057;-0.726639649350989;-0.110713531464053;0.0289799779882118;0
0.29512982077971;-0.732302848683246;-0.1104370135771;0.023799543930133;0
0.309164093559222;-0.720043576532765;-0.0933971141848043;0.0351032408488367;0
0.302793718858722;-0.71250919126394;-0.0989087426881239;0.041099310778751;0
0.292523195022265;-0.693168063339236;-0.107972896035542;0.0571676085294999;0
0.288554387089747;-0.699726921326045;-0.111471555669896;0.0507767008987354;0
0.294962522946953;-0.70498462228571;-0.103614996006173;0.0461244587851328;0
0.289473474165399;-0.712595522746108;-0.108857891594179;0.0388290001964555;0
0.276083894946599;-0.695814553444331;-0.121326517987519;0.0525197917989645;0
0.256385525436081;-0.674176707110074;-0.140249560627914;0.0700141755888983;0
0.244344383309187;-0.660061867839672;-0.151070775678605;0.0811853631943782;0
0.254646878259716;-0.664305268042154;-0.138525676727991;0.0773769906307593;0
0.262110941694103;-0.663938244581877;-0.128950118164998;0.0774792420705442;0
0.260627094707498;-0.653902466520179;-0.12867024718916;0.0855633539493174;0
0.270661656675008;-0.627325766391862;-0.115049789601829;0.108644012051706;0
0.262338048178743;-0.616409936867566;-0.122303760383951;0.116858348902017;0
0.265712406344324;-0.612587730810058;-0.117176705558195;0.119412411224708;0
0.277830907740771;-0.607153004394342;-0.102546225055423;0.123808822650619;0
0.288602638910153;-0.603602985599844;-0.0896353618168794;0.126440292518157;0
0.284315605028279;-0.617104797096722;-0.0940777862307801;0.113342464507356;0
