-0.0212813585998409;-0.201837862185358;1;0;0
0.0406395099781092;-0.119209577572042;1.01062015292918;0.00987327603780904;-5.76721624913978e-05
0.108672929599033;-0.137291164316578;1.03344395551502;0.00709725405730814;-9.86232694629543e-05
0.00428235682311594;0.0258041282436042;0.971680090856962;0.0620757468820224;-0.000628248119588771
0.117548060664294;0.122720443189888;1.0898269989895;0.127916333308578;-0.00282209884573485
0.0560393471518286;0.223117046266893;1.01297113371004;0.186011229265322;-0.00369163136044816
0.0632894869896975;0.258960839539555;1.01981935713513;0.21538003759644;-0.00476754336302824
0.117516005242934;0.238412049301039;1.11046521169958;0.202513005486543;-0.00559644460632898
0.0708496622350253;0.213341674217318;0.954188408340065;0.146501572298612;3.22401070915303e-05
0.103486652799091;0.326723563552235;1.07998407071605;0.319134943322025;-0.0126149286000104
0.0954169463300243;0.262751193618175;0.985099736828578;0.198680397407046;-0.00214522719727196
0.199775463896634;0.257493563270493;1.32712004561159;0.227522364461859;-0.0148371774175916
0.140426937105065;0.25582417766261;1.04573622356646;0.181720867421632;-0.00097465501503171
0.179243887616574;0.146684186597111;1.08967758840243;-0.046521389517484;0.0188217451105975
0.213079594333738;0.0570129238468448;1.12606652681597;-0.244533640776421;0.0377764251986695
0.288661237024373;0.103861208841144;1.45029629049264;-0.0965631539140255;0.00249801944419484
0.332723772695984;0.239358313926374;1.69177296718253;0.2635983778818;-0.0591807088862123
0.329966179037182;0.310729429728509;1.66017434202007;0.433318349861546;-0.0812786212253109
0.370110938682109;0.242120235340487;1.7213549633039;0.230027571512928;-0.0558086845429999
0.382689887041288;0.198121968731911;1.66984295331493;0.0854136098311172;-0.0281187082510262
0.387264181113365;0.161168691478289;1.58868138440941;-0.0398292020948573;0.00153463168992788
0.441359940809118;0.140432583049547;1.75396531793037;-0.0993785081201195;-0.00735436254685087
0.417544521686491;0.214753323214313;1.62537435947802;0.114079453800658;-0.0365527413273866
0.452401061990077;0.247726483065009;1.74078353666892;0.209672157059509;-0.0757358319218224
0.364743656710197;0.19253310298121;1.23197669696615;-0.00336106724763416;0.0566693172414528
0.396964837215372;0.193687382542555;1.3258379964942;-0.00193604760773112;0.0386804669279147
0.377463473481257;0.175344454597716;1.17396835155568;-0.0724794525008131;0.087783558068189
0.401804491251209;0.167392990816952;1.22668283010468;-0.100247814804748;0.0832528261622254
0.455301218941772;0.139751817495781;1.38402627997965;-0.190997933960069;0.0704866753102617
0.5207190069814;0.082393355772831;1.55779247522157;-0.379630240497524;0.0809276202725917
0.562179619876923;0.134134247124267;1.7073974796128;-0.205600106396336;-0.027470081521217
0.577317923386193;0.139223942309524;1.70912855774841;-0.194246897637475;-0.0352402260387184
0.529382724977347;0.111690553278437;1.4375717944646;-0.292068853662709;0.0996723791922804
0.541586335841141;0.0917511873200857;1.41787374344803;-0.358319576646343;0.130745083465459
0.57601806266834;0.0214588786441016;1.44159210478546;-0.588602191115435;0.210891700311291
0.619893493739909;0.0169445568204962;1.55060591624458;-0.595844684895719;0.154339628070841
0.612620341113837;0.0817662959672021;1.52518635832099;-0.376287557447447;0.0637249570745767
0.674832282596338;0.0348042120690997;1.65977778982268;-0.530056828271867;0.0514855164746568
0.666347772833353;0.0282936179329032;1.5695468577525;-0.54756118534991;0.110435315777149
0.633332371804064;0.0803085690494779;1.44983970878375;-0.374312336466472;0.10073695030133
0.614486810939855;0.046138920850695;1.30899229484973;-0.483577291884866;0.256701044729949
0.588562036246976;-0.0412814352561164;1.0982548032356;-0.758551462416241;0.562755755808889
0.510632663209266;0.0440424177636109;0.880928983193131;-0.473163381473104;0.588584486155945
0.469082186906028;-0.0264611773859888;0.646349560549474;-0.688830319149078;0.916862311838081
0.446777452947262;-0.0442582570491544;0.533313378723921;-0.729366758986073;1.04108329735379
0.481803332290502;-0.045068314131942;0.629689141427397;-0.7126719675055;0.918971802527856
0.465407188338749;-0.0868995762975751;0.511925096784224;-0.82699652910149;1.10384548517674
0.469479409541556;0.0121755935049348;0.615201564255523;-0.500599803950261;0.783782671037084
0.476878099640969;0.0244220119461428;0.636012508040899;-0.452150943163526;0.724836926341361
0.455408088179093;0.0597870419418508;0.590808712915871;-0.33796161275912;0.717265905192121
0.464458397812064;0.0400578308860607;0.582683378703047;-0.390950398178959;0.756799133999596
0.503061923449287;0.0834738417133635;0.744618750404515;-0.249094506747928;0.440650411742848
0.505712971483171;0.0633220946897259;0.712130966775455;-0.307452718469049;0.525679696037078
0.493961323252676;0.118486518254365;0.728162424377348;-0.143804741502927;0.418231104392237
0.492095979681469;0.116339688657238;0.704744343833705;-0.152551061868621;0.470599450970601
0.49397058813922;0.051423712155439;0.610940590784069;-0.342464798301763;0.732295850114448
0.47143792448318;0.0845565685834425;0.569054644420479;-0.248277140084219;0.764639815851927
0.461994256406656;0.0978755243076378;0.544662691832235;-0.211243017648441;0.797392231838811
0.452163188381994;0.062234502054202;0.45110663567916;-0.313610422919982;1.02161856777819
0.436647125766351;0.0133476956107707;0.319784951992438;-0.449839178281444;1.32800682127626
0.490538997644045;0.00632155175768796;0.479861531534045;-0.447908573748706;0.996251236166469
0.442913597399108;-0.0302668575520009;0.255305680832788;-0.553048454033961;1.48418384317569
0.430662259861692;0.0257178763183626;0.290968171310524;-0.394572543780297;1.35031216812791
0.450126041313066;0.0544756301263293;0.393860879807753;-0.306736005333798;1.1020223390039
0.496906100458625;0.0980332813098089;0.613151580671456;-0.177704140806818;0.600345802864117
0.498544870661319;0.0812000181655266;0.580694250204109;-0.223732289508711;0.692894333541523
0.530478698904952;0.0918645493273816;0.697464903291314;-0.190295595336252;0.439118047287124
0.537347494999036;0.050659177079002;0.642202484961658;-0.296037765563431;0.588665033287204
0.50393715074815;0.0545042819184783;0.516880005950729;-0.29593045228003;0.88724630343759
0.526377993246215;0.0912055183886281;0.645692323964085;-0.201821311344807;0.598782808198399
0.556610413081231;0.0911394458026064;0.741519027030673;-0.199530548534387;0.392301719387007
0.594008019283505;0.0700180111792383;0.828088615540866;-0.247046690144236;0.204859900811171
0.64353055155483;0.0495145265840635;0.959514086055738;-0.290838334878583;-0.0882037111316917
0.705227894418216;0.0495908178489012;1.16869065737386;-0.287050354500678;-0.552244160503109
0.71066505799877;0.0296116847935514;1.1329143412406;-0.340589460888606;-0.440878008287116
0.741977053249537;0.0213068203300516;1.2137803441645;-0.36330791768204;-0.60265124783993
0.716867816612075;-0.000646408210895011;1.05776004301991;-0.422307202585692;-0.212508832473965
0.761276743426103;-0.0422274479449286;1.13681825899807;-0.512352899528643;-0.407883292613285
0.761033872704382;-0.0978547984135993;1.02189087499932;-0.632427172414828;-0.160000050064506
0.725983725417768;-0.0817050318657851;0.889111762986948;-0.602454823069945;0.192845665537684
0.723910226094578;-0.0907503118398998;0.845511830514163;-0.621194402236132;0.301089702833415
0.708275657561658;-0.119446313729969;0.719016733149796;-0.676311219178166;0.577131410833789
0.733909909132067;-0.136637357459285;0.77444199767993;-0.708242977302098;0.430645867377161
0.762024502528279;-0.162816426782676;0.825759957230044;-0.757697266292785;0.283123408912877
0.77102829517008;-0.186080969489676;0.80580196766697;-0.799083976178733;0.307403256731278
0.717878872673003;-0.222458710593782;0.520886039428492;-0.851853041641885;0.926535004306938
0.68478967051398;-0.210390083190406;0.390462455475327;-0.815690740847152;1.24596846820399
0.685390930130888;-0.238127043058797;0.340582974927552;-0.855018165641829;1.30622070029577
0.760245915359422;-0.229047606243847;0.640067027510112;-0.850672121784307;0.620456092098519
0.732205694590849;-0.249834410795709;0.481281774628757;-0.870481727351101;0.95330937527644
0.735299732223619;-0.275802286880424;0.444483091572664;-0.906068332165694;0.98716482734175
0.702320364251353;-0.312856830092397;0.250297513241947;-0.943831497298293;1.35619411650012
0.675033748238454;-0.290270370024835;0.156418845816453;-0.883885147579952;1.60492238677721
0.689023720492359;-0.274827780030517;0.221007783381748;-0.854070347766667;1.47661415302515
0.618523695531947;-0.285341390319689;-0.0866641861662153;-0.823522005686254;2.13905643897689
0.650087214829304;-0.285004923851251;0.035558752629596;-0.826450288557278;1.84188244176585
0.638449455443477;-0.265020880945089;0.00144645515827709;-0.776990469084163;1.94714657793598
0.664030623785072;-0.288295807971112;0.0736125216942651;-0.815874098206272;1.7152447665661
0.673141228946752;-0.314135555543029;0.0766538664454294;-0.848616310943512;1.63525257658939
0.641464038947182;-0.331800071574501;-0.075569495589832;-0.840308072867542;1.91969651662281
0.623340951038736;-0.362325123878207;-0.180223108703348;-0.857897575578089;2.05983804571403
0.594435478872356;-0.396314235031473;-0.326810612930511;-0.869837401894447;2.27858751569049
0.560875723327196;-0.407429357081733;-0.469310305856843;-0.84214859303162;2.54067248235152
0.512893040079988;-0.424550581442302;-0.669466600351458;-0.808343278013773;2.90689549097504
0.539765969700043;-0.411015404928318;-0.546460689715923;-0.794592300308002;2.64270418057974
0.581669983646715;-0.387272618464988;-0.361647305352287;-0.783036134434327;2.28003545259875
0.601236368011896;-0.417360282815404;-0.301232211373446;-0.829956185809142;2.04574940516868
0.606897068700763;-0.431128277566575;-0.287011815543715;-0.840637388339503;1.96179451932996
0.620833629084466;-0.450180163462403;-0.242680022099691;-0.86788563542334;1.79900417275066
0.588490990986292;-0.43804958611963;-0.365821584932563;-0.801398582210803;2.09199851698719
0.632940381053064;-0.455460322135948;-0.200023527001381;-0.8615572422922;1.67116875274618
0.649816721839893;-0.462975263331811;-0.141189667396731;-0.87835473306821;1.51806231632227
0.616470758864452;-0.477553198453465;-0.277923450071066;-0.846570117632056;1.76266377589918
0.586119875634778;-0.447540886774987;-0.389471113350543;-0.75171984328278;2.09234628163105
0.593524357709049;-0.431503927028084;-0.359114443226059;-0.723613578997262;2.07081623926515
0.63270221973139;-0.468521553127409;-0.217173927925493;-0.815955940458645;1.63700541507931
0.663191524081328;-0.447819519079706;-0.106900727819549;-0.812712614559265;1.47478874493403
0.636639257917939;-0.494306895152951;-0.213166159402664;-0.834637127025527;1.53956519498513
0.659612065065956;-0.505015069266002;-0.133508486782178;-0.870320910036296;1.33662618510079
0.634424202899605;-0.500608399244399;-0.232946595573225;-0.814632369663179;1.56847375106301
0.547875193371314;-0.494223591092838;-0.551294030245278;-0.664339906876805;2.26260858250209
0.572761749117844;-0.49141660003265;-0.460101719496175;-0.683313799729886;2.0737783545486
0.585298195699872;-0.503544588134515;-0.412658755888258;-0.708863463229672;1.9233720341303
0.522992645447795;-0.500351139717338;-0.633022329708031;-0.592569455770972;2.39413286131173
0.573502299602477;-0.538324090280731;-0.441013086695873;-0.723651586722581;1.83306564572806
0.57975816620519;-0.517952056917506;-0.427552600866917;-0.685641893390154;1.89018492199155
0.528599740239892;-0.525368400512939;-0.59906312393465;-0.600484080086708;2.21651351053496
0.56304651695106;-0.535887478928126;-0.475501256318731;-0.664296014142138;1.91167513206539
0.533438950514414;-0.553049615335953;-0.565051792741391;-0.631520259898374;2.024627464784
0.502282323214123;-0.549196318863859;-0.666318516781199;-0.556594694336862;2.25197508302749
0.518878435163399;-0.566102969026669;-0.598214968887691;-0.605216264010542;2.03217658823299
0.471818312767109;-0.530943574485105;-0.765134543213403;-0.438755079793188;2.54131335739004
0.430196801462649;-0.52806364417208;-0.888332773209236;-0.343823574221541;2.80220762665799
0.404440509165642;-0.53284416946789;-0.951780216545284;-0.293026056983183;2.89915433898068
0.380156316426075;-0.531351157372731;-1.01139910510578;-0.231811177352437;3.01752340748364
0.417530124516595;-0.596490616684642;-0.837147217945931;-0.430460017987573;2.31778704152107
0.409281318992478;-0.584463092157614;-0.859277153066173;-0.376369836798379;2.42548664033995
0.331786276541188;-0.580704192423361;-1.07093817908845;-0.204797793486094;2.8767839129989
0.306196496092891;-0.590877432360736;-1.11503472606649;-0.166680656661834;2.90306403827751
0.348456682339155;-0.626197017805777;-0.950568504137976;-0.323794647019811;2.36379783328967
0.349519924397274;-0.619087439704794;-0.938654321689196;-0.298371889513703;2.38156537727409
0.36803613880752;-0.653471348998438;-0.847444935647712;-0.41092687655522;1.99828589614548
0.341099356480487;-0.660512370660262;-0.899110863736857;-0.363604350461098;2.06943967548813
0.337488769269223;-0.645759065412175;-0.907782352602036;-0.308113826619181;2.18530861396005
0.277802824649744;-0.610897990463597;-1.06677904357804;-0.0828154083246889;2.72923148105578
0.235588151268953;-0.583053503710532;-1.16749510538506;0.0884488937108564;3.10667278927638
0.263099424553291;-0.623559105055971;-1.04584805068073;-0.0754111381120642;2.58873097155985
0.252882869310348;-0.637850449504531;-1.03633941387795;-0.0882719988910851;2.4730488884385
0.295691797250688;-0.665763475018357;-0.90388807689465;-0.252531724752046;2.0221403738067
0.301964391906059;-0.709278954174715;-0.844404005747334;-0.388758620414481;1.60618684305112
0.30287613227604;-0.729604109472848;-0.818897190777567;-0.444996203278983;1.42596214297763
0.275565463102912;-0.71902108274864;-0.872108105643233;-0.347242252882554;1.62747928826791
0.26674371453899;-0.735310663969684;-0.868137558639071;-0.373926546630746;1.51141580742216
0.221296786513536;-0.731884765071874;-0.942195071233262;-0.262939780798622;1.69292786752876
0.226551246888826;-0.755459808566003;-0.907992811286279;-0.345948350959627;1.45479810257669
0.24119702966165;-0.787993005642014;-0.858675855809962;-0.47874983399779;1.1166878589844
0.242316708299447;-0.780120362366079;-0.858001565382479;-0.444909535419619;1.2111091335513
0.233206122559787;-0.765197121694744;-0.874992122080936;-0.365870141296247;1.39667107063479
0.198391187488599;-0.751119643415821;-0.924307597930675;-0.241205588685154;1.62163603079995
0.179100037737613;-0.751800783389272;-0.941781532908831;-0.201389660113429;1.65651159902361
0.197230851443643;-0.756619613959445;-0.909348156195196;-0.246252592132714;1.58300982699173
0.240008968724251;-0.806028347335397;-0.844459281710482;-0.501003257124616;1.04705176616668
0.249090422344634;-0.873159010123982;-0.831868545700071;-0.761225966578411;0.410940908139413
0.264172585294664;-0.914189356928509;-0.82709168308336;-0.928749477187603;0.0565581508618993
0.26205592970107;-0.923807307386815;-0.846884733779798;-0.942860724593211;0.0491435370275881
0.27629546344311;-0.950334230935242;-0.855797099838767;-1.04810569670353;-0.131970597150091
0.277944025686319;-0.971629270175039;-0.881660120100665;-1.11026052272267;-0.242307729388565
0.272146366137597;-0.95677305219902;-0.904294593968811;-1.01466199298653;0.0196359904214227
0.247200335058667;-0.935258058918946;-0.935584872447627;-0.866175512832411;0.333462157715916
0.263528857451128;-0.985912090914815;-0.969859328465109;-1.06668787344884;-0.074369174782626
0.264547212260617;-0.999442792397686;-1.00141370182046;-1.09103354416034;-0.0937607891735637
0.283233121383628;-1.01038789545083;-1.01985337404595;-1.12292759335127;-0.0613877227257264
0.261059210132958;-0.988622594439714;-1.0401020119558;-0.972873878942088;0.252705870415417
0.21631486463778;-0.958826299594746;-1.06129504189235;-0.770972739959328;0.589960135259445
0.195268742796855;-0.913550566595495;-1.03882728081579;-0.535694434653318;1.09607743921078
0.189841916655263;-0.955757556560588;-1.10562571806977;-0.675038595495795;0.742486673661236
0.165524915833342;-0.937373352000947;-1.10997494707207;-0.549973013473416;0.95585921487931
0.142929991789461;-0.977084720785263;-1.19544013668001;-0.663079243923705;0.590535685317
0.128740240369772;-0.928433969703463;-1.13962253978747;-0.42649048706114;1.11694115513512
0.114997459071651;-0.921492013558701;-1.14479058436565;-0.362458835599463;1.21569478691528
0.0929723922490031;-0.917267225162246;-1.15949077672107;-0.306991019450853;1.25129618458808
0.0860909935777859;-0.931930261339684;-1.19782683001969;-0.332111929649317;1.16075135721355
0.0789148065246223;-0.917343004741469;-1.17862852190635;-0.243981866943149;1.34476442472836
0.0799776864043653;-0.889450498035886;-1.12031818515546;-0.111389388471681;1.6755669934324
0.0784693294888045;-0.814895547003522;-0.953771204556555;0.186534439269318;2.39430967346996
0.0633730586383611;-0.836752255822998;-1.01399305005261;0.126757215249185;2.15813883050329
0.0667482488399264;-0.872115235781433;-1.09166909883936;0.023077216691425;1.91365073994905
0.0525196348488181;-0.880056182520473;-1.12409952863047;0.021189800832436;1.82598069448567
0.043990577517352;-0.834374051333404;-1.01196809294924;0.198668425647213;2.21353065681492
0.0329094169403518;-0.816656848584604;-0.972183454344157;0.274993086004149;2.3324354521904
0.0261048007862529;-0.830907374435876;-1.0126482595052;0.24794689388078;2.21751992483468
0.0173676700519248;-0.822220308109774;-0.993128971319966;0.293377575400396;2.27244290180574
0.00699730682890948;-0.782028254783947;-0.885747424015683;0.428084121255717;2.54064585674431
-0.0202864104131904;-0.826361425335457;-1.04830060445021;0.311337705298509;2.06645096798655
-0.0280232689790708;-0.825163968082709;-1.04873043872682;0.334630743558469;2.07252037738354
-0.0332001328284835;-0.827540730601503;-1.05496263791501;0.349562732576328;2.07432793856469
-0.0388509717017815;-0.847008081318738;-1.11277784182787;0.323154616109343;1.96842065039639
-0.0616167409987998;-0.892534879798647;-1.28334326473711;0.2349974035573;1.58493024527383
-0.0617423668058531;-0.914380194717181;-1.33575421737293;0.220044271180153;1.55288256762921
-0.0864128958141784;-0.886276967982184;-1.29112058022874;0.307760650612367;1.59388226749213
-0.140527385959201;-0.887098392697793;-1.40461518220371;0.322213366225192;1.21648275512862
-0.100649746994663;-0.805872926006265;-1.04733182318433;0.524692643445636;2.05566167141581
-0.127000676652722;-0.813863067020133;-1.12101463952631;0.526599562390464;1.85409935205894
-0.149304518799128;-0.831614641728614;-1.21324488620926;0.517465234462252;1.66045487804893
-0.162761792786444;-0.831203861215284;-1.22824859754843;0.544566407231671;1.63033216421644
-0.167053214389104;-0.795325120042558;-1.11704153259016;0.625771410608929;1.80254998316609
-0.188902736163969;-0.778768597436613;-1.11404118942734;0.670972839997157;1.72628833501465
-0.145998942663833;-0.713188196549603;-0.781774697832153;0.781616163177064;2.39961531212716
-0.171986542361013;-0.730747891063942;-0.888208667599278;0.775008291420014;2.16649476780789
-0.196429861205799;-0.730401834543888;-0.943047865649747;0.794323850947991;1.99639632426082
-0.2254118107752;-0.736828381071111;-1.02975268079075;0.810509401767806;1.77908723821229
-0.219201852964425;-0.719576996046924;-0.939023321787346;0.846631016386926;1.95516122746224
-0.231599247671618;-0.711367324334719;-0.935043915072194;0.875600357719197;1.92302056336518
-0.25251928484914;-0.714880989341532;-0.98660519319572;0.898190226826735;1.80285343952991
-0.193798711359706;-0.672054038557545;-0.652206110817356;0.922917203128081;2.50215521373453
-0.220082359203007;-0.665026106333127;-0.707554788553896;0.951820931321677;2.29576972931178
-0.210468798633291;-0.623122672419449;-0.567025530198775;0.984991606420186;2.42527711438433
-0.205860916642706;-0.629859078217567;-0.53022703384558;0.983652079205617;2.56188658049508
-0.165765702890362;-0.600373282801496;-0.300664190471225;0.974630241783416;2.99234322366378
-0.159623847588456;-0.585132066177306;-0.22899352309488;0.978124067143685;3.07186776728359
-0.131774207315314;-0.532830160367276;-0.0301383348829996;0.98028993905623;3.25385201629115
-0.143352557998866;-0.514325039536596;-0.0341248611899324;0.998274664019752;3.10619067270159
-0.100967682825284;-0.461653485107978;0.204901430410463;0.974343521492308;3.37754283042944
-0.130700263632909;-0.464911950927037;0.100832452023;0.999733273893421;3.10918908301673
-0.170567510872264;-0.452082421182377;-0.0279179358348722;1.05487757135246;2.68614068544155
-0.207020828523528;-0.453180519406372;-0.148406886834493;1.10099607913561;2.38554959388677
-0.2099471777458;-0.449904210535486;-0.130923104995825;1.10243534459162;2.4112786579135
-0.176095519948573;-0.442578231224453;0.0307280572825956;1.0457758032151;2.76721234663791
-0.174158042405443;-0.424017228594262;0.0669968687446691;1.04869404957908;2.73287361297414
-0.196123993564152;-0.411908500896665;0.00922396373795292;1.0889578694559;2.51262025945094
-0.153929803827247;-0.39100033859565;0.194333240201328;1.01976531461011;2.82584616931409
-0.152785587676705;-0.376395146077503;0.218797144471915;1.01982454850714;2.78711380121216
-0.118912189635862;-0.361436470155457;0.360817367170079;0.954789996255239;3.02519355342119
-0.0304017835317586;-0.360501891486095;0.695007113763177;0.757596680548968;3.80177643999669
0.0380575192215054;-0.367425090419137;0.945130686641851;0.585079349241284;4.41441098305178
0.020220785026021;-0.348404564324705;0.873937913610437;0.628307133358289;4.09095998310009
-0.00324263078712575;-0.347132858494207;0.794491286470102;0.662243194967323;3.87981065178992
-0.0107691403012144;-0.338315981506762;0.768212651785001;0.673009853784681;3.74339703532034
-0.0322686178573787;-0.325627773027415;0.695337219144286;0.722924225737719;3.47892132631167
-0.0276245164673825;-0.317275527038047;0.711753988825632;0.707169476455188;3.45112423531447
0.0160540685889061;-0.31389999280175;0.850951972821939;0.592033944729028;3.72958973001787
0.000575900075243919;-0.310658411717856;0.803583009460435;0.615206953634046;3.59480255459874
0.00411768970024333;-0.307661394846738;0.815136010217207;0.59321293305342;3.59325848371761
0.100030559486608;-0.327891327212389;1.10800958195554;0.305469188473331;4.36168181874399
0.070871068726244;-0.310675963299225;1.0042899740737;0.391650397284918;3.99454586003762
0.0987615844767058;-0.286420661202003;1.05382490409125;0.358272213882324;3.89958603814144
0.125427279291104;-0.304723373493604;1.13251477035563;0.236194489000125;4.19084087882097
0.129046513027907;-0.289190881116515;1.11760121994318;0.24586985489939;4.02333784818902
0.178276586151076;-0.303212518735637;1.24080188765851;0.0790172427540719;4.36272292277884
0.155406997520528;-0.288771940669144;1.15804782423768;0.152598285221068;4.06716195959926
0.136163201409712;-0.259152115779512;1.07521525518067;0.256486538786141;3.65742637653973
0.168456689886532;-0.257403961769537;1.13666380782739;0.170146511434952;3.75079807791589
0.232443271432742;-0.286765074327006;1.28800031392641;-0.0697918105309475;4.25619311667907
0.208643009078944;-0.278448383467877;1.21231418937594;-0.00585194972562618;4.03349660171125
0.230664438021681;-0.258507222581479;1.22376812036341;-0.0124788896107506;3.86541706052968
0.268682058169595;-0.272513911310382;1.29220680727383;-0.1486111419935;4.08138616124745
0.249325004127741;-0.245430369641188;1.21407357557015;-0.03791248155294;3.70171256516527
0.253007447496118;-0.253816824441701;1.21030148345129;-0.0821145936614041;3.7575290136519
0.259386424076979;-0.250215824905359;1.20152841953467;-0.0954373171602293;3.69759748943781
0.297706365561745;-0.271946069612674;1.26412089327685;-0.251823601050404;3.96022367516281
0.257643525432075;-0.214684946220224;1.13969454385067;0.00046280118595593;3.25857309408055
0.304335024823423;-0.259828788252336;1.22723614825369;-0.246585063018763;3.76812705867299
0.326562159386577;-0.277175179549582;1.25115027425837;-0.353528318138811;3.92937656135255
0.355624131927805;-0.307653216923918;1.28822681194235;-0.514681954861597;4.21662283579858
0.36866950812701;-0.314098906507803;1.28435016855472;-0.564143353541009;4.22747855925659
0.383712570514676;-0.311749241373054;1.27753272580374;-0.585801109903449;4.14756396123763
0.419960174193046;-0.349887330718188;1.31482746412695;-0.780373099201688;4.47894544271425
0.420040272452083;-0.323347370708528;1.27474592712074;-0.687806881401435;4.13219752993495
0.41662819609766;-0.309681007017667;1.23822295188667;-0.634534208973327;3.9252180137662
0.377422273973641;-0.262696035065335;1.15242287859574;-0.409521442416907;3.40334778069141
0.329020321774329;-0.178474082155728;1.05728357085609;-0.0426263137791865;2.55438160438795
0.326805603066152;-0.166905233764181;1.04054386371617;-0.00757338736749581;2.44274221637641
0.289504631838413;-0.0848743515015362;0.979188553040123;0.328829369706038;1.67810440163259
0.35019656936037;-0.120321269477904;1.04189078476284;0.10725289740668;2.00311712004989
0.356856789518774;-0.10790961681887;1.0398712321565;0.132847942067536;1.89705761392603
0.352966419944177;-0.108744448106379;1.02750896238449;0.121135036535999;1.93733870791487
0.349321647148267;-0.0899271602954794;1.01774661440925;0.181451238102377;1.79068406958748
0.331874861607534;-0.0379154480058968;1.0025227533379;0.377715281047858;1.36288083851166
0.345243792812572;-0.0548122190188363;1.00837511798939;0.283131454024599;1.55144259016299
0.367188379766213;-0.108901307131995;1.00890086785816;0.043219883640956;2.06054689085129
0.368033614849812;-0.129843606504824;0.993403716944021;-0.0509191280860397;2.28368693079434
0.392103425380205;-0.168628400310732;0.989876010287765;-0.227414548029775;2.6008422632999
0.422352305193315;-0.241007553945255;0.971156882294067;-0.530178937682445;3.18926762878395
0.445550033285547;-0.233949262247752;0.978531618425822;-0.520242923575113;3.03057540316282
0.442259157823734;-0.229690288631928;0.960068539656409;-0.506831648926025;2.98716243055318
0.451660658132243;-0.278451209715886;0.919983078007873;-0.700010975420278;3.38361794900771
0.4584940756922;-0.289455242480469;0.898631547585861;-0.744763106579637;3.42717190944925
0.469623932282364;-0.224147170958143;0.939124184244062;-0.500537282535021;2.76525430245665
0.471067301629412;-0.210083823054325;0.935488417244756;-0.452522094965642;2.6286427553705
0.451732665734447;-0.163867921512011;0.941456524280281;-0.283087653389862;2.30992358730463
0.461231094033913;-0.196565272957759;0.906743908662883;-0.416112531618296;2.56899328945142
0.469924952186287;-0.253613862180361;0.843174416828297;-0.635968107736514;3.02659641876194
0.4896861881113;-0.212824975717328;0.88983948365918;-0.485048739465828;2.56352162329349
0.507850626853017;-0.218132799483862;0.88793178565502;-0.507215565059616;2.51658614733059
0.522288678635758;-0.197673018244123;0.912414261411609;-0.434068367072891;2.27075766162612
0.521907190485035;-0.183942786669657;0.91406209216079;-0.391640479108923;2.17477791347301
0.536005631898349;-0.18664959996876;0.912970627300828;-0.404787120946136;2.13433985302551
0.555926795042383;-0.280064093457077;0.796821665143429;-0.73825464896351;2.78786583618788
0.578862583311606;-0.285234874065558;0.800703156591395;-0.744728534795013;2.67402099968853
0.580666618638916;-0.311758143595103;0.746570746812323;-0.835958212018542;2.86264236212568
0.590639054309584;-0.242530903722358;0.846045477383155;-0.587223687150404;2.24481426582525
0.611823199660682;-0.250077319444166;0.848206033302043;-0.602884236802712;2.1688424921199
0.619836024123241;-0.265767055333654;0.818741937390219;-0.653718184025108;2.24325410805659
0.616962243846656;-0.332891899180095;0.68699139995648;-0.881466524121039;2.76725685717314
0.613910598096054;-0.381858651139557;0.58085341714263;-1.0398391840356;3.1287655794328
0.601465192771354;-0.354489343830924;0.589282705874887;-0.952730609903873;2.997423223996
0.606786335311395;-0.36277062599353;0.565215755366712;-0.967459983942552;2.99154807080629
0.599682742909219;-0.390636592886093;0.483921581310367;-1.05326437635626;3.21357457993581
0.605295991699901;-0.461024771338138;0.34462269593397;-1.25225448422987;3.6030483960637
0.574367529576202;-0.562334815948526;0.0755873209579303;-1.56779987725596;4.45643225749032
0.566877848655307;-0.570484614152927;0.0253944408664268;-1.56952780146647;4.47443361813275
0.574796098524546;-0.509085817856763;0.142526663403448;-1.35490387442171;3.93235223758683
0.57226454877801;-0.485360168041116;0.166944333596477;-1.26755820630288;3.74036250259319
0.598914992931623;-0.449698138884301;0.278981140983752;-1.12131090776868;3.24089851110917
0.613684973004004;-0.469037042337747;0.256492371378882;-1.14147854339632;3.18017259740408
0.630680536712921;-0.458914748194835;0.300945668012518;-1.08046579805718;2.93272619232689
0.649604761041931;-0.465161241755262;0.317954437105786;-1.0616315241109;2.76433242863233
0.680580741588658;-0.438824810019336;0.433843115379422;-0.950780048515894;2.32246153639058
0.676645922219779;-0.498826316269689;0.284921504953245;-1.08829960435582;2.64465113662223
0.696031182784949;-0.455407883583069;0.413125317035924;-0.953595387453364;2.23454122829239
0.747658505919906;-0.39383715258214;0.665421304105396;-0.755521699590724;1.46956567684152
0.74839186446511;-0.437727194671008;0.561643892582782;-0.850270491012158;1.68084367239326
0.72088004311586;-0.476095639822629;0.392417586428054;-0.953740331515972;2.11640570489026
0.711401302947583;-0.476804850942578;0.352156760050785;-0.956023853237955;2.2090799187396
0.7555096262363;-0.416246604326918;0.594073369943697;-0.7910950491585;1.56068874857549
0.733670437747885;-0.446967625031609;0.452443650645325;-0.867964637598645;1.90732666081289
0.742042713294849;-0.467182486059112;0.423490864316781;-0.893516052357621;1.90589465623387
0.774013386322278;-0.427051527648878;0.591209914001447;-0.795908108457195;1.48715285304986
0.75959161343069;-0.447685758195022;0.490422005289267;-0.842620999228708;1.72131109924105
0.79875939096584;-0.42382172574823;0.649616782763911;-0.777783756692563;1.30098943400971
0.790355381534436;-0.41757808157837;0.619026874567409;-0.779062862569326;1.41670752517508
0.805756774533727;-0.388302354144386;0.71013128120471;-0.733475465826723;1.25009106150514
0.841628157788749;-0.378172705641629;0.83256241135996;-0.709409939272566;0.9315571814297
0.803633691380997;-0.433037200252496;0.58327437239064;-0.810315630263618;1.46637586082824
0.743916956172494;-0.480682805507627;0.274414376017144;-0.897756359152109;2.1723206982306
0.76429750443221;-0.447333984304538;0.38970563486671;-0.848244811504572;1.95365445081437
0.786904105974812;-0.423344266455635;0.494203733614654;-0.815984392864968;1.74241022600701
0.779735387488886;-0.435872067220819;0.430202934528231;-0.834538185326065;1.86552717677762
0.805751968406846;-0.457680574287681;0.474330640259805;-0.856023522131564;1.64726579090191
0.812103017342964;-0.45856510238383;0.478043546978925;-0.860058100387518;1.63174930617698
0.811030351023659;-0.462922185382429;0.448759860251728;-0.867791178822482;1.69206314354368
0.793467825856665;-0.466973683259064;0.357906741954245;-0.8723565280447;1.91679436744527
0.772412950085121;-0.506111431294484;0.211128865756219;-0.902534676884809;2.13072813785341
0.799028117289204;-0.489657943406901;0.3148270597278;-0.894175633843107;1.91953849185879
0.827097236501981;-0.484368661590266;0.408557923836807;-0.900859577182331;1.69400744572965
0.839098978897142;-0.487288406654703;0.429961879327559;-0.91135865565146;1.62684130270046
0.844159762258978;-0.512940485142255;0.403504206973108;-0.936994669436511;1.58030917498652
0.904359589898483;-0.494795817132596;0.62715008159373;-0.964497272049596;1.09933768535994
0.905711125080536;-0.485362443742463;0.61007936950943;-0.965731399893656;1.20377291600506
0.940809889078985;-0.505247003791697;0.703046327660864;-1.01647178243017;0.887956975413923
0.930526588524908;-0.496392732282544;0.634930594704292;-1.00876130744973;1.1235864933253
0.930046671340439;-0.497720453558667;0.599167062437148;-1.01589974833315;1.22320484012241
0.940441438296765;-0.543492929004023;0.589932440039079;-1.06894098319116;1.0290412642692
0.89583657946503;-0.570156726316882;0.379965180182909;-1.04303478965598;1.42844208257521
0.886626316768174;-0.580441350481343;0.313788200018559;-1.04056286637464;1.54916326809003
0.847029527249576;-0.592483746535682;0.135570720437111;-0.996576634132165;1.93066729316516
0.760107493488388;-0.613272807657546;-0.21144472588627;-0.886432833484272;2.66519711373896
0.694177809292785;-0.620029440473792;-0.469048796974532;-0.782206134658044;3.24296345152415
0.701256969995726;-0.622632528909794;-0.452551691386377;-0.780829270387167;3.17110950635101
0.664287627352433;-0.622585809304401;-0.59533459721454;-0.704077358151479;3.49929289286831
0.673016053480733;-0.622911147134977;-0.571045523615919;-0.702462816430562;3.42005375973493
0.676766163809659;-0.649034258223436;-0.552798714551015;-0.723875913071709;3.20357436358415
0.630250675289979;-0.635239733071414;-0.726870154718699;-0.602701493334539;3.68940428940935
0.63081770731067;-0.634477389095416;-0.72806543333364;-0.584154703494014;3.67852266510063
0.646747749761236;-0.644644704650028;-0.671470942222432;-0.612054410334318;3.4637413159333
0.642262636937475;-0.657089772190986;-0.680720715734326;-0.603977473019355;3.39267100187286
0.627456254212426;-0.663418300072983;-0.725788481260581;-0.565316502628017;3.446456172747
0.633804599269918;-0.646483633158956;-0.724515005712653;-0.532494761091195;3.54925401217104
0.569576446913776;-0.676137971218268;-0.888349621978045;-0.426074744322535;3.71296746442402
0.555901807467371;-0.684437398314447;-0.915142500929924;-0.392562989496497;3.70457062983804
0.6481466186348;-0.685446877239101;-0.653829773119299;-0.585525467741509;3.09013025299701
0.607027212627741;-0.693088271510765;-0.761893289949041;-0.489829615515379;3.2807859246609
0.571180120061869;-0.690020199299002;-0.859191504768047;-0.38257033353926;3.52291858277762
0.559963112528555;-0.688981162081474;-0.88515888820494;-0.336399823626297;3.58533087003466
0.586910181038632;-0.714405184541829;-0.788070999406794;-0.443024890841192;3.16460367062487
0.560459173860638;-0.711476549838;-0.852447671859093;-0.356435253362014;3.33387790398386
0.625888520318244;-0.752170031824323;-0.660769510358068;-0.599487912447251;2.58273921459763
0.610859196149078;-0.767072691082543;-0.683743529137632;-0.587234209399028;2.52181269679149
0.596775853746217;-0.764280683296508;-0.722330415705077;-0.529249320907366;2.64649178442477
0.635180572985445;-0.788941396011048;-0.628507734726783;-0.672954463132734;2.25144123401008
0.603244099434678;-0.783177275767206;-0.704087051213468;-0.563447887893075;2.48373899125039
0.566217045193266;-0.772172015677535;-0.78626885268963;-0.426676414782987;2.77129272717676
0.555696077993752;-0.781817048230778;-0.796703700188747;-0.416479473610966;2.71615799339954
0.524365998053324;-0.775132385715165;-0.853198540951783;-0.307806774951449;2.90388850919403
0.51167931982597;-0.776064737577615;-0.869336416961953;-0.267108348226477;2.93740133871275
0.533502299511003;-0.797454204662079;-0.820214800416888;-0.371812443401837;2.65179969068916
0.534377114626069;-0.809283040302461;-0.812299045043749;-0.39819762688226;2.53857187508238
0.514117094186092;-0.813321702981183;-0.83698603784875;-0.353722380592908;2.55562303251058
0.512915920283678;-0.809087747713025;-0.842544135283679;-0.318391872897987;2.63659121957681
0.51941147379133;-0.819329868424528;-0.831619400687846;-0.351857706779317;2.53740650255002
0.503017005025333;-0.826598716854743;-0.84724740636139;-0.330750218702076;2.49766956591795
0.465008824642776;-0.789042490449115;-0.896602368643237;-0.0990288822843863;2.98921935043994
0.443099761206961;-0.816384892155312;-0.903935311157444;-0.153917109859972;2.68012631119251
0.412202221552244;-0.799986090552141;-0.927917064215157;-0.0227946553303413;2.8854539944375
0.45255038775459;-0.827772293602335;-0.889266660987739;-0.18550375639525;2.58355639683658
0.454078514872883;-0.859574220887334;-0.888624647308317;-0.300027137632699;2.2418165336981
0.430590771790035;-0.882508116527107;-0.910288805073028;-0.341148891467889;1.99624614550372
0.413461133142941;-0.877493932066682;-0.923238525435818;-0.277941277779299;2.08204983851764
0.405749852186118;-0.880554576878712;-0.930863575503943;-0.262087737075027;2.08009892901757
0.425816733123689;-0.915594362991369;-0.937675644611794;-0.411966408067657;1.76408721373995
0.412329682884172;-0.905369151958781;-0.944911406733908;-0.33137365211802;1.9160305338692
0.415116423567007;-0.910205588114665;-0.950407473293768;-0.3320833391289;1.9262606687457
0.38447348716551;-0.855460387800962;-0.926149676818595;-0.0531283591917812;2.51174670639476
0.389197061955578;-0.856214971137987;-0.921110719187395;-0.0432672865897905;2.54729045617095
0.380852726870994;-0.880447168072158;-0.947291789530893;-0.118789101304403;2.29180002043231
0.360039398201124;-0.831333925391904;-0.901282421660147;0.116953828267875;2.78983700460145
0.384404704581746;-0.900940267285918;-0.967762692550665;-0.167403208460645;2.16128444652568
0.394406768607575;-0.919577439050525;-0.986804495528249;-0.225365065912765;2.0585362373218
0.380341473124207;-0.897785192787888;-0.964084998174042;-0.105949778455186;2.28715593420827
0.385954345796926;-0.88835906524165;-0.943856800395633;-0.0480175655065476;2.45704154640429
0.379324806610121;-0.857630114956662;-0.893781218755722;0.0966057982976416;2.77872945650568
0.364355613498101;-0.822870407809044;-0.836710273393;0.253221154078697;3.07920921052653
0.353387447801259;-0.80379221971646;-0.80013859065655;0.341889724077201;3.22376365847086
0.337579328694826;-0.828408747269501;-0.849361533148525;0.262862770461942;2.91751821522089
0.330603472748501;-0.800455673356004;-0.789345963690354;0.380398021254181;3.15844611034779
0.295177963677537;-0.817507359247549;-0.845659260931812;0.329060270673732;2.81312966503387
0.270729877159142;-0.826111389289105;-0.878008613353482;0.309268771121559;2.61289604971796
0.277597539420265;-0.797989995186632;-0.798377409196298;0.420964354952796;2.9232396394545
0.260639212066873;-0.748825885900136;-0.690943961442381;0.594643541222781;3.24527213795648
0.245001878018153;-0.729315359742803;-0.64917888565207;0.659364314912828;3.29873324053741
0.240440243178336;-0.692773146874205;-0.551478081387276;0.777160701544184;3.55002045398036
0.245646202386718;-0.665700169571313;-0.462119742831243;0.860306786179473;3.77259892114144
0.218290768152064;-0.67622760740455;-0.512057449221915;0.812410455998427;3.4647148477361
0.214088345187215;-0.714153148684638;-0.603805274724752;0.694569855561914;3.13329202408372
0.218905235340425;-0.715258216023443;-0.586645147802985;0.694241867706812;3.15650865137742
0.235784097013711;-0.699548462487491;-0.503767683941667;0.74587140254273;3.38990463383134
0.226127033404627;-0.696605297995256;-0.499087239946957;0.748488722254821;3.32235117542323
0.232871965419863;-0.73135719316899;-0.568641590163209;0.662131194587114;3.15098906552923
0.239232988426395;-0.670514455375327;-0.375221741965971;0.817784423156027;3.57389326297251
0.224894739581506;-0.662408179520918;-0.368211756923578;0.826061771981303;3.48245295142162
0.220369744695594;-0.695645745947791;-0.45646104848766;0.745202273842289;3.24911936786427
0.203138562230841;-0.703696839911152;-0.503511560399154;0.720539015873096;3.05712808377392
0.192588566307607;-0.68182837924161;-0.454348897791058;0.762873707969132;3.07676166524932
0.252771346802669;-0.595317116769892;-0.0582991425404629;0.956151646228269;4.019016616351
0.215690308236638;-0.620697844923239;-0.208356434621646;0.882152339184482;3.53356715903172
0.218116030265935;-0.607557134204497;-0.15428018864534;0.89861433875583;3.59094574665816
0.232753080352256;-0.587414152768935;-0.0490055136568972;0.927887226655743;3.78283016943425
0.247617150661354;-0.552836515963288;0.0941253077970621;0.974104536597187;4.00939138722161
0.19153323150828;-0.601736275383669;-0.183484337337942;0.874193115375225;3.28430393525798
0.159900849338277;-0.623946659200913;-0.321641206786659;0.83213306189627;2.91168147698293
0.147182923023325;-0.627653497072639;-0.356405368080029;0.824769858579099;2.79015192592526
0.124220756403895;-0.626886690471865;-0.413515345272817;0.82482807597587;2.5797078673324
0.0979433645007861;-0.625627486621166;-0.481460245302687;0.82903547146801;2.34310346086832
0.124985261732877;-0.592668332146571;-0.30254003353005;0.866107489481137;2.69322168449108
0.119352791481715;-0.589238209579493;-0.299651445380769;0.87017700812151;2.66207227991631
0.128181883989816;-0.584771689490825;-0.244049917345777;0.872186049320163;2.78326303563595
0.117218465089492;-0.598428079636401;-0.292836956168075;0.862940257830319;2.69786846091052
0.0853698301142915;-0.595697451291481;-0.385645850830832;0.879543201570384;2.39718771490451
0.0873459719072526;-0.584750372037658;-0.340196668278075;0.890459289527282;2.45521259766752
0.122574876058728;-0.568583528816813;-0.163706396991851;0.882868285684595;2.84958211112994
0.102977213443936;-0.574876780385494;-0.228488233935173;0.890340964781671;2.68716688388277
0.061076611117585;-0.585443145943615;-0.381213567926634;0.917328946214403;2.31420381981715
-0.00279452604322268;-0.588660678069783;-0.604593561014109;0.978403627800154;1.71915728605842
0.00257825981249039;-0.574579287843572;-0.538379243173114;0.99154463370565;1.82418825351039
0.0627209262292557;-0.543914568816752;-0.247226252374084;0.950732740508388;2.42895548788248
0.0705389465207399;-0.528159797201993;-0.179180787681373;0.951943103389597;2.50969626856382
0.134756684653808;-0.502176271808445;0.110181880263973;0.881325756356893;3.10922307780547
0.0665425114596027;-0.497032307465034;-0.130327857088633;0.97720329491639;2.42976875042865
0.0500683529911509;-0.468162576436753;-0.154329031366605;1.02271429035505;2.18548843524802
0.0628453944912983;-0.451909957468412;-0.0742024734545292;1.01229870730942;2.29273176603841
0.0643297570495768;-0.448909509662662;-0.0433239908538572;1.00820267792519;2.35287650605107
0.1211855122753;-0.445886656657744;0.191734683702165;0.899221530759935;2.93458034870795
0.124198460687065;-0.42537127140355;0.222593314214826;0.903490521254328;2.87115450356804
0.119705774814074;-0.418574085700222;0.22445628298991;0.909537112310063;2.8235635581217
0.168311703645865;-0.40061168186786;0.411754350289149;0.814677803327687;3.17221150385559
0.12565971070631;-0.395901218403917;0.277026113401037;0.901919677071336;2.79061031749917
0.154938581436866;-0.380023166995464;0.389473531918891;0.843147628360542;2.96124324774503
0.169844942655794;-0.360842631828471;0.446452196997913;0.820763425294482;2.96629909767347
0.170493048513611;-0.350066778126758;0.457324674858188;0.821100876330101;2.91379693238993
0.154695066386575;-0.337312896704861;0.416068746952839;0.866466228085421;2.7179933521339
0.171925009114102;-0.306343185139206;0.46761769569382;0.860084286939556;2.62260883745244
0.189461135901565;-0.305811264107736;0.532841788800357;0.801553268299276;2.78408841400024
0.229175912759886;-0.309983009454563;0.658620777013338;0.674142844461729;3.12835669081508
0.254693120936655;-0.293597653369863;0.723768701313822;0.622164199147819;3.16189507641451
0.264567198937998;-0.291838788429668;0.75245850629756;0.583060755480298;3.21880317447366
0.307402914964817;-0.298261699182053;0.865392928321045;0.436485843467223;3.54518312613806
0.307820967717647;-0.283254198292714;0.853839678804321;0.45306828527833;3.39253559006938
0.331774242371329;-0.284401686084809;0.906619564776654;0.368776672886179;3.5291929685354
0.360804706663246;-0.276524191005294;0.958624816165732;0.293459151249176;3.58442643024556
0.354851550022678;-0.271601153365953;0.936201768004463;0.307083836601096;3.48973248457748
0.347861686756028;-0.269264007240375;0.915689512847077;0.316917676797804;3.42491146697148
0.366664194026247;-0.284542673518763;0.953590183349748;0.208372233906203;3.65518529723119
0.408011043337715;-0.285708083906336;1.016080538657;0.0811485532548881;3.80277190496576
0.396885457928869;-0.2763470867524;0.981799433122264;0.124547268291521;3.63962673980169
0.364397516625229;-0.243076819291196;0.910054179467187;0.296544709406833;3.16893895438976
0.376763063774464;-0.260732099559686;0.930861222151361;0.194047046796928;3.39981707383493
0.412371419151031;-0.286385725952035;0.978743930575459;0.00852571577409583;3.75703409272012
0.421334965329671;-0.307111456282254;0.982843259636179;-0.0954056648744149;3.98236456378773
0.385787512219049;-0.272917416456718;0.924688178633718;0.0912820650843307;3.52760994208683
0.334091068161574;-0.222896968186875;0.861780260668708;0.366340089684907;2.91832549005288
0.310162396092057;-0.195113105175349;0.842779013694063;0.49733188119848;2.62767612955608
0.351951100494934;-0.225845830742258;0.883729218224283;0.278105848951689;3.03231994730932
0.380704555726995;-0.24409502785302;0.904286975519416;0.135427163116011;3.26227596977264
0.381309310256535;-0.23320407213865;0.904945910748159;0.157789341247492;3.15901620627451
0.383743076352422;-0.188038255412478;0.923498432434775;0.306657570405336;2.68071553168208
0.374089375921998;-0.171690424887015;0.928027424826654;0.364060233149783;2.55687665444478
0.390794977625529;-0.180012109302904;0.937680721407984;0.283098096104048;2.67480366684763
0.417715932091103;-0.18735637052413;0.950751396825345;0.193922170509517;2.7487019205256
0.443074042699367;-0.198586967060211;0.955856883697268;0.0959725042477053;2.85166380075925
0.462549715026035;-0.253404958947725;0.910948260535851;-0.161095530929775;3.4238720188187
