0.422710074566938;0.0143144988402365;-0.0227051850678206;-0.452547766770962;0
0.422482499455487;0.00978878914418804;-0.022811028040467;-0.452594747884271;0
0.422253827711609;0.00526259352229697;-0.0229247593689956;-0.452644837073817;0
0.422023974209316;0.000735881949770131;-0.0230475083348273;-0.452698062145831;0
0.421792837968305;-0.00379137511876296;-0.0231821302830819;-0.452753506660824;0
0.421560287485139;-0.00831918762451131;-0.0233299877860841;-0.452808783495304;0
0.421326191180247;-0.0128475429907313;-0.0234919549897923;-0.452861720948467;0
0.421090392065602;-0.0173764088594139;-0.023670818115751;-0.452910703181622;0
0.420852716535439;-0.021905742136958;-0.0238671659896064;-0.452955210193071;0
0.420612983129182;-0.0264354993396386;-0.0240831988516805;-0.452995600113518;0
0.420370980374562;-0.0309656355563389;-0.0243208868667408;-0.453030415167133;0
0.420126489337949;-0.0354960856087239;-0.0245813910513326;-0.453058619943557;0
0.419879278454421;-0.040026787253515;-0.0248641249704435;-0.453080614211509;0
0.419629130891482;-0.0445576759810059;-0.0251696430069612;-0.453096034895051;0
0.41937579927167;-0.0490886908071193;-0.0255010578270347;-0.453106312289593;0
0.419119020970618;-0.0536197939621461;-0.0258591019440602;-0.453114110288621;0
0.418858533637008;-0.0581509654909567;-0.0262422247951843;-0.453119651707148;0
0.418594104668579;-0.0626821680177208;-0.0266468894869138;-0.453119499555186;0
0.418325528751685;-0.0672133237348487;-0.0270716828540323;-0.453109823239688;0
0.418052604280343;-0.0717443305565172;-0.0275164955678351;-0.453089969124974;0
0.417775131937675;-0.076275093106681;-0.0279813790777321;-0.453061111810097;0
0.417492906735994;-0.0808055253643547;-0.0284672514259892;-0.453024025985884;0
0.417205719075962;-0.0853355473670654;-0.0289734737321645;-0.452979062361678;0
0.416913371409161;-0.0898650755942966;-0.0294994516953422;-0.452924793549977;0
0.416615665678463;-0.0943940044491915;-0.0300447387361287;-0.452858888076249;0
0.416312404122761;-0.0989222139167486;-0.0306117792799374;-0.452781150880592;0
0.416003348287058;-0.103449589183943;-0.0312033615656753;-0.452691928826652;0
0.415688253857226;-0.107976013088461;-0.0318198541179087;-0.45259088532643;0
0.415366866030599;-0.112501366892777;-0.0324618989005849;-0.452477842518099;0
0.415038936422986;-0.117025529558804;-0.0331277805518664;-0.452352685704189;0
0.414704240422284;-0.121548382386535;-0.0338146613862902;-0.452216062792466;0
0.41436258399347;-0.126069810558929;-0.0345193027578092;-0.452067363163424;0
0.414013802637808;-0.13058968404377;-0.0352394629253172;-0.451904981724194;0
0.413657738883634;-0.135107863651873;-0.0359763784917964;-0.451728637823067;0
0.413294214046053;-0.139624210750675;-0.0367316006340663;-0.451538479055205;0
0.41292304868842;-0.144138589918897;-0.0375042775363224;-0.451335326063238;0
0.412544077453655;-0.148650875956701;-0.0382922669401478;-0.451119778499436;0
0.412157158785248;-0.153160938914513;-0.0390936256547916;-0.450890258623734;0
0.411762168199657;-0.157668631467642;-0.0399060066402319;-0.450645840287926;0
0.411359007967704;-0.162173806820373;-0.040727593047363;-0.450386751982722;0
0.410947583644267;-0.166676313003358;-0.0415589877872278;-0.450111612496031;0
0.410527791369764;-0.171175982397965;-0.042401435185591;-0.44981947131053;0
0.410099510551339;-0.175672650414974;-0.0432571993487474;-0.449511725746771;0
0.409662591489569;-0.180166162981444;-0.0441297314779238;-0.449187800746252;0
0.409216846597046;-0.184656349656546;-0.0450230610273727;-0.448846843739611;0
0.408762050696726;-0.189143046186296;-0.0459402622656561;-0.448489785750678;0
0.408297962688119;-0.193626091171621;-0.0468810625880283;-0.448116467780097;0
0.407824351765812;-0.198105322270327;-0.0478451666563016;-0.447727168338344;0
0.407340981915888;-0.202580576242883;-0.0488325024562046;-0.447320380245283;0
0.406847629124138;-0.207051663234759;-0.049841616020934;-0.446893600009934;0
0.406344076885557;-0.211518376549534;-0.0508725425592426;-0.4464453117102;0
0.405830104723292;-0.215980494523081;-0.0519255339961147;-0.445974539646042;0
0.40530549968796;-0.220437788856689;-0.052998480735405;-0.445480221852211;0
0.404770075075231;-0.224890016828987;-0.05408943748038;-0.444961264716683;0
0.404223651537673;-0.229336927109455;-0.0551982144293139;-0.444416195110812;0
0.403666052000531;-0.233778247460814;-0.056324627212419;-0.443843144388294;0
0.403097099102078;-0.238213698150401;-0.0574690073993328;-0.443242539619697;0
0.402516609243743;-0.242643005449641;-0.0586321702265655;-0.4426140937808;0
0.401924391124253;-0.247065881067015;-0.0598147050419151;-0.441955960241425;0
0.401320248231592;-0.251482024072337;-0.0610173132512536;-0.441267652062453;0
0.400703973076778;-0.255891136099794;-0.0622414561956338;-0.440549941342227;0
0.400075351318841;-0.260292926540496;-0.0634859357915491;-0.439803323016356;0
0.399434187045002;-0.264687106756654;-0.0647506101709661;-0.439027963650334;0
0.398780265602623;-0.269073385292963;-0.0660373383897558;-0.438222448122342;0
0.398113370640436;-0.273451446600794;-0.0673449576397166;-0.437384197102154;0
0.397433307835331;-0.277820952878489;-0.0686701612391142;-0.436511039126621;0
0.39673991669815;-0.282181546602603;-0.0700105800896967;-0.435601646934188;0
0.396033050885035;-0.286532862692093;-0.0713646034907179;-0.434655317217867;0
0.395312584864962;-0.290874529467773;-0.072730555903922;-0.433671943745283;0
0.394578397588001;-0.295206177165135;-0.0741091620038027;-0.432651249713584;0
0.393830360826145;-0.29952742334173;-0.075500007725821;-0.431591219587554;0
0.393068365651051;-0.303837864997204;-0.0769003881779146;-0.43049022155704;0
0.39229233085016;-0.308137090607402;-0.0783074323582086;-0.429348073885836;0
0.391502206370897;-0.3124246908495;-0.0797176664354547;-0.428165238588173;0
0.3906979821231;-0.316700260124157;-0.0811265200180011;-0.426941826787932;0
0.389879691081352;-0.320963391642403;-0.082530840356177;-0.425677692130939;0
0.389047387431432;-0.325213677890905;-0.0839285260576488;-0.424372734712492;0
0.38820114636764;-0.329450709558345;-0.0853184695267378;-0.42302674380179;0
0.387341048191727;-0.333674078731383;-0.0866993677469131;-0.421640542223759;0
0.386467195579943;-0.337883393037631;-0.0880692957947227;-0.420216131088838;0
0.385579698140901;-0.342078273844849;-0.0894284643219161;-0.418753467460648;0
0.384678662420847;-0.346258330447513;-0.0907767946465835;-0.417251222033112;0
0.38376419955234;-0.350423166654811;-0.0921139336598886;-0.415709487395408;0
0.382836424955811;-0.354572390427725;-0.0934387102244764;-0.414128822448771;0
0.381895475242709;-0.358705616116664;-0.0947485183316488;-0.412510061365478;0
0.380941511428184;-0.362822467868377;-0.0960412747369745;-0.410854164285111;0
0.379974704905875;-0.366922578338447;-0.0973174837707627;-0.40916194802894;0
0.378995211873666;-0.371005584053534;-0.0985786565356453;-0.407432899146151;0
0.378003182393257;-0.375071112271779;-0.0998246438720969;-0.405666635385849;0
0.376998780920897;-0.379118794052625;-0.101052053806639;-0.403863559037626;0
0.375982212197226;-0.383148260796843;-0.102258199710461;-0.402023685983057;0
0.374953688521405;-0.387159147623043;-0.103442867198919;-0.400147768155557;0
0.373913426021528;-0.391151100554488;-0.104606184203355;-0.398237168687991;0
0.372861634348861;-0.395123773912819;-0.105748647751053;-0.396291444025169;0
0.371798527378107;-0.399076805694326;-0.106868817818581;-0.394308597162708;0
0.370724331680196;-0.403009818467911;-0.107966881573967;-0.392287533851411;0
0.369639263734773;-0.406922427431967;-0.109042748885876;-0.390227788723915;0
0.368543557934353;-0.410814241113886;-0.11009424663564;-0.388128105045531;0
0.36743746572757;-0.414684854944354;-0.111119666732473;-0.385988044809965;0
0.366321257168861;-0.418533872087457;-0.112117316082009;-0.383809007785742;0
0.365195212533253;-0.42236090841094;-0.113087027234683;-0.381591964022986;0
0.364059607338709;-0.42616558835545;-0.114029524024769;-0.379338016520333;0
0.362914709522233;-0.429947551910334;-0.114945779972086;-0.377049019713535;0
0.361760775297327;-0.433706455668031;-0.115836968501372;-0.374726098399737;0
0.360598048604268;-0.43744196237669;-0.116704621411984;-0.372369726594395;0
0.359426763057713;-0.44115373778729;-0.117548217734909;-0.369979631000242;0
0.35824717708549;-0.444841437026891;-0.118363963281563;-0.36755414446486;0
0.357059586224188;-0.448504702896921;-0.119148979196412;-0.365093324029473;0
0.355864304028812;-0.452143190742639;-0.119902036936278;-0.36259867414178;0
0.354661656329866;-0.455756567160251;-0.120621841355156;-0.360071258402625;0
0.353451980556916;-0.459344506386525;-0.121307639211995;-0.357510985413331;0
0.352235622394131;-0.46290667697336;-0.121957782517361;-0.354917743876679;0
0.351012952723104;-0.466442754066767;-0.122569580862106;-0.352292343152682;0
0.3497843604146;-0.469952418701811;-0.123142487893468;-0.349635402047987;0
0.348550232630074;-0.473435353462006;-0.123676495473129;-0.346945867227152;0
0.347310966383515;-0.476891219389546;-0.124169739539487;-0.344221335363746;0
0.346066981490761;-0.480319665369152;-0.124619888162825;-0.34146236346153;0
0.34481872311468;-0.48372035287647;-0.125023688459723;-0.33866925686727;0
0.343566665757419;-0.487092939410262;-0.125380078000839;-0.335842821402401;0
0.342311279794678;-0.490437105714118;-0.125688995537551;-0.332985308817613;0
0.341053048799119;-0.493752541949684;-0.125949027338748;-0.330096705153704;0
0.339792456881011;-0.497038934408476;-0.126161769207359;-0.327176478874907;0
0.338529970476555;-0.500295964247667;-0.12632739260098;-0.324224068741828;0
0.337266074115301;-0.503523308651314;-0.126443490101926;-0.321239519009307;0
0.336001264451466;-0.50672064862837;-0.126510454518046;-0.318223169431756;0
0.33473602896034;-0.509887670744461;-0.126528238314193;-0.315176431207879;0
0.33347087316281;-0.513024077126047;-0.126493978822231;-0.312099655039828;0
0.332206324138287;-0.516129561702718;-0.126407293012799;-0.308992236109998;0
0.330942903296383;-0.519203822026701;-0.12626780905448;-0.305854870716485;0
0.329681146453312;-0.522246562942819;-0.126074776261607;-0.302688653054062;0
0.328421582516932;-0.525257501717446;-0.125829319734342;-0.29949442429071;0
0.327164736365578;-0.528236359923333;-0.125530971121161;-0.296272743937398;0
0.325911142359292;-0.531182862541213;-0.125178843073013;-0.293022847089721;0
0.324661336419635;-0.534096718648183;-0.124773640369736;-0.289743485158632;0
0.323415841699739;-0.536977635771067;-0.124316793314075;-0.286435181232006;0
0.32217516956294;-0.539825327469252;-0.123809243382557;-0.283098436234211;0
0.320939823652822;-0.542639519025038;-0.123251647230637;-0.27973605002235;0
0.319710304738939;-0.545419970342022;-0.122643614895229;-0.276350225507313;0
0.318487113212704;-0.5481664459039;-0.121987025223935;-0.272941111607075;0
0.317270714115812;-0.550878719689831;-0.1212854711471;-0.269510132407122;0
0.316061553450159;-0.553556582300201;-0.120539018951147;-0.266059277654736;0
0.314860089318289;-0.556199842011802;-0.119745892305266;-0.262589453565276;0
0.313666794045969;-0.558808311811782;-0.118905233084889;-0.259101761558552;0
0.312482139939133;-0.561381824773761;-0.118017989102072;-0.255598328788284;0
0.311306589257189;-0.563920226502897;-0.117084247140896;-0.25207933062264;0
0.310140609434162;-0.566423355373672;-0.116104173825594;-0.248543528694357;0
0.308984654528301;-0.568891036865014;-0.115079476223138;-0.244989663235314;0
0.307839166963449;-0.571323091422024;-0.114010662495665;-0.241418632870214;0
0.306704586360309;-0.573719360118165;-0.112898324191661;-0.237832781229047;0
0.305581348322686;-0.576079702706793;-0.111741632966551;-0.234233627644061;0
0.304469903683763;-0.578403996737728;-0.110539946906106;-0.230623694063497;0
0.303370695500226;-0.580692150121438;-0.109294426147092;-0.227005820495672;0
0.302284158328763;-0.582944090350703;-0.10800595500559;-0.223381107846584;0
0.301210715185401;-0.585159753137209;-0.106675848277891;-0.219750652849206;0
0.300150770870082;-0.587339090127348;-0.105306889486856;-0.216116213750125;0
0.299104699225159;-0.589482070219311;-0.103901381847474;-0.212479616781139;0
0.298072864668194;-0.591588682754122;-0.102459443689804;-0.208843107157474;0
0.29705563483765;-0.593658936231192;-0.100980159646033;-0.205207758153235;0
0.29605339017871;-0.595692840573589;-0.0994622645713127;-0.201573206069654;0
0.295066515294283;-0.597690403262905;-0.0979066450786142;-0.197939527081992;0
0.29409537550722;-0.599651636970356;-0.0963155565610619;-0.194307604632595;0
0.293140323988908;-0.601576563304363;-0.0946885202897591;-0.190678066825182;0
0.292201735199211;-0.603465210299227;-0.0930224546826906;-0.18705212672796;0
0.291280006990089;-0.605317629738802;-0.0913167606250325;-0.183433356594585;0
0.290375529771599;-0.607133913902396;-0.0895721311008131;-0.179825527844263;0
0.289488696238869;-0.608914183407489;-0.0877879403379447;-0.176230632634298;0
0.28861990692107;-0.610658574670566;-0.0859629627061106;-0.172650172069551;0
0.287769577174072;-0.612367241031564;-0.0840959282767076;-0.169085966310142;0
0.28693813221154;-0.614040351127935;-0.0821857370459283;-0.165538899900683;0
0.286126007140044;-0.615678076323233;-0.0802321337478344;-0.162009021587942;0
0.285333634903485;-0.617280594373249;-0.0782349203792909;-0.158497987341851;0
0.284561458645329;-0.618848106470432;-0.0761927331494479;-0.155008073204176;0
0.28380993940295;-0.620380829825391;-0.0741027971833794;-0.151540355484057;0
0.283079567682526;-0.62187898922479;-0.0719633669581518;-0.148095331167051;0
0.282370828149194;-0.623342813654958;-0.0697771111109746;-0.144673468717808;0
0.281684173408587;-0.624772535295882;-0.0675464707793704;-0.141274615289377;0
0.281020044477192;-0.626168386382194;-0.0652721073720648;-0.137899888295606;0
0.280378871814622;-0.627530619877164;-0.0629555779220098;-0.134551205913052;0
0.279761063914239;-0.628859504312143;-0.0605997498256753;-0.131230667036813;0
0.279167001864604;-0.630155331169042;-0.0582064077808059;-0.127939513502883;0
0.278597059022786;-0.631418392372706;-0.055776086487143;-0.124677697120561;0
0.278051597168378;-0.632648986697109;-0.0533106551381471;-0.121446356435187;0
0.277530958040527;-0.633847426353451;-0.0508115876378153;-0.118247071362189;0
0.277035476973307;-0.635014038912676;-0.0482790528319946;-0.11508102278619;0
0.276565490629104;-0.636149158021535;-0.045712424461053;-0.111948337918378;0
0.2761213452314;-0.637253112519522;-0.0431107718960772;-0.108847707593982;0
0.275703389701991;-0.638326218806157;-0.0404747660886323;-0.105779067092203;0
0.275311964090495;-0.639368808554091;-0.0378045060208307;-0.102744834408006;0
0.274947413985047;-0.640381237292681;-0.0350999249111909;-0.0997471412330254;0
0.274610074923117;-0.641363874493315;-0.0323625445477836;-0.0967863824268888;0
0.27430026713147;-0.642317087252835;-0.0295939529709199;-0.093862317105455;0
0.274018296654039;-0.643241246852558;-0.0267951242919892;-0.0909760569242889;0
0.273764463034425;-0.644136738799039;-0.0239667789746579;-0.0881289190586525;0
0.273539053130164;-0.645003955708663;-0.0211108169716315;-0.0853209236725118;0
0.273342329903907;-0.645843292101965;-0.0182298922942404;-0.0825533771293255;0
0.273174532520462;-0.64665516569579;-0.0153257967622333;-0.0798285639485012;0
0.27303588919331;-0.647440010194339;-0.0123991338357396;-0.0771477947887513;0
0.272926625243956;-0.64819827475023;-0.00944985084634795;-0.0745129732284971;0
0.272846966668565;-0.648930433141136;-0.00647822020239125;-0.0719271963365534;0
0.272797136625742;-0.649636993306113;-0.00348385380846242;-0.0693938081903355;0
0.2727773601259;-0.650318488180714;-0.000468327363216753;-0.0669140827754036;0
0.272787819159238;-0.650975454810316;0.00256192331003388;-0.0644883119687559;0
0.272828636983506;-0.651608431057689;0.0056036914048862;-0.0621155324420291;0
0.272899928393926;-0.652217940097101;0.00865608147686475;-0.0597951442986223;0
0.273001784989073;-0.652804515469018;0.0117163843576343;-0.0575292137621825;0
0.273134275851781;-0.653368712502909;0.0147826184493464;-0.0553197223951368;0
0.273297448947797;-0.653911098823918;0.0178523294621951;-0.0531669031274506;0
0.273491321915353;-0.654432237686524;0.0209218827734003;-0.0510702201793999;0
0.273715880519307;-0.654932686041854;0.0239896108973331;-0.0490283815355065;0
0.273971105251899;-0.655412988058731;0.0270546746009458;-0.0470413653408285;0
0.274256954851763;-0.655873701985726;0.030113990435595;-0.0451109402628699;0
0.27457335390538;-0.656315399992235;0.0331639597009616;-0.0432384536586216;0
0.274920195029756;-0.656738667674976;0.0362022241583685;-0.0414249518775833;0
0.275297353088267;-0.657144097661751;0.039226898531838;-0.0396710396859857;0
0.275704678384793;-0.657532291271101;0.0422351882254947;-0.0379779682160124;0
0.276142001628375;-0.657903861272055;0.0452269105984491;-0.0363461705410727;0
0.276609158746759;-0.658259417988948;0.0482012779704661;-0.0347753649738972;0
0.2771059581263;-0.658599567953841;0.0511549268973714;-0.0332643740991898;0
0.277632183079762;-0.658924905008647;0.0540863143410488;-0.0318132445390361;0
0.27818761070137;-0.659236035774268;0.0569955882593359;-0.0304229938729359;0
0.278772019764039;-0.659533566460247;0.0598823379048324;-0.0290932154493205;0
0.279385177322413;-0.659818094039386;0.062745046434144;-0.0278216238652014;0
0.280026832792871;-0.660090183342401;0.0655813850081052;-0.0266053537359989;0
0.280696711433269;-0.660350375361424;0.0683896467902642;-0.0254413578020487;0
0.281394525497278;-0.66059917860594;0.0711678391528419;-0.0243277941174537;0
0.282119953271346;-0.660837099531698;0.0739115480214413;-0.0232647168104532;0
0.282872625637639;-0.661064641376499;0.0766160108696693;-0.0222521698084544;0
0.283652131398894;-0.661282315079393;0.0792778467645203;-0.021291268264101;0
0.284458036938334;-0.661490641971268;0.0818959922810025;-0.0203829355656434;0
0.285289902299901;-0.661690148168528;0.0844694544134458;-0.0195269162140582;0
0.286147267328685;-0.661881351837991;0.0869953071703943;-0.0187223595950524;0
0.287029644500917;-0.662064763330614;0.0894719772099422;-0.0179681940314623;0
0.287936540381193;-0.662240879295462;0.0918986997423011;-0.0172631015205544;0
0.288867448731811;-0.662410185334876;0.0942744930888571;-0.0166060011648297;0
0.289821866979598;-0.662573157351615;0.0966013074238892;-0.0159963106658546;0
0.29079932210507;-0.662730271338791;0.0988822891932763;-0.0154345573462296;0
0.291799359742025;-0.662882006569909;0.101117364530885;-0.0149202254375952;0
0.292821505935209;-0.663028832084868;0.103303401724962;-0.0144527647262915;0
0.293865254421569;-0.663171218844852;0.105437432432608;-0.0140323981401417;0
0.294930071856374;-0.663309635182729;0.10751664489401;-0.0136585720716301;0
0.296015396494667;-0.663444543311689;0.109538609920664;-0.0133306536243785;0
0.297120652698479;-0.663576398377851;0.111503168054883;-0.0130477719673207;0
0.298245265168121;-0.663705648047695;0.113409319896034;-0.0128096793081661;0
0.299388635935534;-0.663832742393381;0.115254523477454;-0.012616715459101;0
0.300550157394215;-0.663958132491178;0.117040254022299;-0.0124687919001286;0
0.301729244883719;-0.664082266432459;0.118767144889083;-0.012365328663583;0
0.302925301561258;-0.664205578649205;0.120434416534326;-0.0123037408537333;0
0.304137736593877;-0.664328476425414;0.122042702020943;-0.0122827058079381;0
0.305365956968797;-0.664451367134489;0.123591397643585;-0.0123019814994495;0
0.306609368443678;-0.664574646328946;0.125081262344826;-0.012360339254043;0
0.307867384365754;-0.664698702447435;0.126511772064107;-0.0124572553683763;0
0.309139397981903;-0.664823914366311;0.127880510866505;-0.0125910504817087;0
0.310424788661633;-0.664950638825493;0.129187473233587;-0.0127594561220332;0
0.311722949691422;-0.665079215973138;0.130435109054516;-0.0129616070784571;0
0.313033292079546;-0.66520998403869;0.131623115922386;-0.013197679523108;0
0.314355211272302;-0.665343276900477;0.132750901519949;-0.0134659530308276;0
0.315688116955524;-0.665479403095534;0.133820740791012;-0.0137642254067677;0
0.317031433272185;-0.66561865669607;0.134832735281;-0.0140910840198139;0
0.318384572791895;-0.665761317424398;0.135785068996336;-0.0144457371731957;0
0.319746931892755;-0.665907663342172;0.136676574904726;-0.0148279611181954;0
0.321117903934945;-0.666057966498967;0.137507974299802;-0.0152371407248402;0
0.322496890352027;-0.666212489449767;0.138279065677746;-0.0156713082606866;0
0.323883282534195;-0.666371472134046;0.138989342764295;-0.0161293167559323;0
0.325276477298953;-0.666535157541807;0.139639647342762;-0.016611852327768;0
0.326675877046712;-0.66670379214393;0.140230421619553;-0.0171192768984008;0
0.328080888600248;-0.666877626258581;0.140762056567439;-0.017651655110737;0
0.329490924007596;-0.667056904912776;0.141235440375892;-0.0182079333123919;0
0.330905408429922;-0.667241863220413;0.141652130831291;-0.0187877001893398;0
0.33232378263029;-0.667432733914612;0.142013623107306;-0.0193899664810331;0
0.333745498466535;-0.667629730769206;0.142320387723287;-0.0200126985241618;0
0.335170000506043;-0.667833050417479;0.142570188725556;-0.0206541902822332;0
0.336596700584366;-0.668042866727918;0.142759492724021;-0.0213113279607695;0
0.338024981863188;-0.668259320011011;0.142886247521764;-0.0219813759344387;0
0.339454211901875;-0.66848252784472;0.142948912441678;-0.0226615033418872;0
0.340883754455583;-0.668712574435997;0.142949880429915;-0.0233489381936845;0
0.342313016137959;-0.668949526113742;0.142892836663617;-0.0240422245901677;0
0.343741414610928;-0.669193434665952;0.142776819519152;-0.0247402324321509;0
0.345168350077756;-0.669444342816383;0.142600067198949;-0.0254418564735237;0
0.34659320941357;-0.669702275741506;0.142361352477797;-0.0261446643401359;0
0.348015367497717;-0.669967234155891;0.142059748878309;-0.0268468880182248;0
0.349434192266438;-0.670239213082588;0.141694507869212;-0.0275489859116532;0
0.35084903888472;-0.670518216002387;0.141263635745789;-0.028251722283894;0
0.352259242905155;-0.67080425061987;0.140766140762783;-0.0289553861373758;0
0.353664141812876;-0.67109733055771;0.140202679649614;-0.029661099763542;0
0.355063084275013;-0.671397479546653;0.139575551596182;-0.0303688928431113;0
0.356455444987087;-0.671704710633426;0.138886066228919;-0.0310773515787092;0
0.357840592063388;-0.672019029057242;0.138132520000547;-0.0317865540189256;0
0.35921787864787;-0.672340445288499;0.137313952003833;-0.032496828867504;0
0.360586662197102;-0.672668961721433;0.136432712098536;-0.0332059297683132;0
0.36194633188157;-0.673004550632006;0.135491169712044;-0.033911055111375;0
0.363296279135403;-0.673347162248121;0.134487690543563;-0.0346100077924452;0
0.364635873034052;-0.673696725901613;0.133420413858429;-0.0353014946009429;0
0.365964471498438;-0.674053169650053;0.132288362933138;-0.0359862343835297;0
0.367281430167897;-0.674416425503364;0.131093274562357;-0.0366634483902241;0
0.368586139812154;-0.674786407327582;0.129839032932239;-0.0373312753141096;0
0.369878023258103;-0.6751630149476;0.128528520770506;-0.0379882836243086;0
0.37115652656294;-0.67554613081588;0.127162909221628;-0.0386326366780965;0
0.372421100337315;-0.67593562090372;0.125742966106535;-0.0392629564992891;0
0.373671210588615;-0.676331346032288;0.124270434054577;-0.0398801022472375;0
0.374906343139005;-0.676733182554794;0.122748138182422;-0.040485129833946;0
0.376126013680982;-0.677141007235513;0.121177940925957;-0.0410777393843947;0
0.377329745845724;-0.677554689690368;0.119560910129285;-0.041656053300495;0
0.378517086672535;-0.677974073480188;0.11790031602267;-0.0422179208162963;0
0.379687615204458;-0.678398991810135;0.116198633400393;-0.0427628993644157;0
0.380840921925756;-0.678829277329579;0.114455726342236;-0.0432916365433036;0
0.381976588372769;-0.679264774895415;0.112670411723727;-0.0438054800465695;0
0.383094182820003;-0.679705334789728;0.11084089503688;-0.0443036813151813;0
0.384193256163098;-0.68015079131748;0.10896634522747;-0.0447847213120268;0
0.385273358839623;-0.68060097126124;0.107046529939179;-0.0452483748900288;0
0.386334036046408;-0.681055705266905;0.105081500008795;-0.0456959639553083;0
0.387374832391386;-0.681514846502728;0.103069535554634;-0.0461303417352465;0
0.388395260348497;-0.681978272526556;0.101007648399447;-0.0465528469991056;0
0.389394818844432;-0.682445857344517;0.0988958067613834;-0.0469615228049426;0
0.390373010598209;-0.682917447629889;0.0967341994685617;-0.0473535927810399;0
0.391329343172685;-0.683392867592033;0.094524693840009;-0.0477271803256194;0
0.392263357163635;-0.683871928232875;0.0922709947991994;-0.048081866812281;0
0.393174625742751;-0.684354442161012;0.0899760979832224;-0.0484177231191232;0
0.394062752529298;-0.684840219362179;0.0876432229666986;-0.0487345795024953;0
0.394927377407634;-0.685329069227114;0.0852765096148888;-0.0490320787015507;0
0.395768179561175;-0.685820799112615;0.0828788481368783;-0.0493110308219153;0
0.396584856847794;-0.686315228010933;0.0804519298854196;-0.0495714331563572;0
0.397377135734385;-0.686812157243493;0.0780002842844585;-0.0498106758162039;0
0.398144793873168;-0.687311370070693;0.0755280405889975;-0.050028481506973;0
0.398887626227059;-0.687812659307661;0.0730347011617798;-0.0502260174061148;0
0.399605411935543;-0.688315821248419;0.0705185734764305;-0.050402802186279;0
0.400297928605651;-0.688820638670266;0.0679817185102125;-0.0505565826304196;0
0.400964982829661;-0.689326871168891;0.0654258207180753;-0.0506858434336766;0
0.401606382495166;-0.689834275815835;0.0628511654718069;-0.0507911873054301;0
0.402221953177329;-0.690342612660318;0.0602606216951337;-0.0508718547726981;0
0.402811546970926;-0.690851626156234;0.0576556904756039;-0.0509264957235942;0
0.403375025872006;-0.691361053877618;0.0550384248054806;-0.0509545275228909;0
0.403912281604953;-0.691870622680048;0.0524110005107561;-0.0509543513290117;0
0.404423214517288;-0.692380038197991;0.0497741667359972;-0.0509233632728331;0
0.404907743963687;-0.692888981600427;0.0471310401654874;-0.0508598716933407;0
0.405365818459158;-0.6933971298963;0.0444828551630873;-0.0507646594465763;0
0.405797374167669;-0.69390417284798;0.0418266003767172;-0.0506388647864186;0
0.406202320697818;-0.694409800338264;0.0391614149279141;-0.0504810139969385;0
0.406580581234317;-0.694913676652475;0.0364898599057874;-0.0502882205740993;0
0.406932102197279;-0.695415443715538;0.0338135952873307;-0.0500591168889075;0
0.407256844153839;-0.695914741576148;0.0311346348015175;-0.049794788972167;0
0.407554794500559;-0.69641122488553;0.0284555564906177;-0.0494960782199902;0
0.407825959664167;-0.696904545985858;0.0257777923344938;-0.0491622210610795;0
0.408070356616866;-0.697394348300197;0.0231019090633545;-0.0487920619358017;0
0.408288003452473;-0.697880267704403;0.0204277079038361;-0.0483860467592666;0
0.408478921261256;-0.698361950781621;0.0177566526385007;-0.0479444954545064;0
0.408643158075316;-0.698839035231595;0.0150920683951425;-0.0474662295801705;0
0.408780793539563;-0.699311151533626;0.0124367572730307;-0.0469508118261184;0
0.408891930271035;-0.699777930774189;0.00979256122838701;-0.0463991858935478;0
0.408976693726593;-0.700239016363238;0.00716305392243743;-0.0458118934834637;0
0.409035253394406;-0.700694043774985;0.00455216009331127;-0.0451871404114867;0
0.409067808088428;-0.701142634353162;0.00196261425476729;-0.0445249418475312;0
0.409074585274251;-0.701584417199032;-0.000603053158988953;-0.0438251194125153;0
0.409055832817109;-0.702019004608551;-0.00314298301450544;-0.0430856571193843;0
0.40901181600183;-0.702446004764113;-0.00565579650921821;-0.0423085216342606;0
0.408942806115435;-0.702865059951476;-0.00814184145103142;-0.0414968592209065;0
0.408849067811498;-0.703275828944201;-0.0106012947863628;-0.0406512955083184;0
0.408730869659953;-0.703677972514791;-0.0130339160479088;-0.0397717277402884;0
0.408588471536341;-0.70407115001142;-0.0154419235690719;-0.0388581136964451;0
0.408422103374361;-0.704455020060065;-0.0178282753534632;-0.0379100810561594;0
0.40823197791807;-0.704829235164804;-0.0201930604984532;-0.0369271080938453;0
0.408018316818818;-0.705193443836867;-0.0225354493154794;-0.0359086196090631;0
0.407781346714519;-0.705547286831907;-0.0248545033047264;-0.0348539136008226;0
0.407521307921865;-0.705890406114328;-0.0271492065515866;-0.0337644092260931;0
0.40723844384146;-0.706222459960319;-0.0294195324067663;-0.0326403880184589;0
0.406933001703098;-0.706543093647082;-0.0316645294516267;-0.0314802985261571;0
0.406605243455308;-0.706851946680731;-0.0338824656324884;-0.0302844340007521;0
0.406255445948419;-0.707148667120263;-0.0360723344220589;-0.029054007425161;0
0.405883891025607;-0.707432914914594;-0.038233925589578;-0.0277900064575239;0
0.405490868308807;-0.707704351931142;-0.0403652551032828;-0.0264914100084318;0
0.405076683345921;-0.707962630609475;-0.042467357902877;-0.0251590619728829;0
0.404641608101997;-0.708207429817145;-0.044543375328273;-0.0237957079010467;0
0.404185916301249;-0.7084384412543;-0.0465892541857336;-0.0224012998705128;0
0.403709933853204;-0.708655352594773;-0.0486018825664747;-0.0209759259050354;0
0.403213984156381;-0.708857859104506;-0.0505828590088857;-0.0195203515709992;0
0.402698381833946;-0.709045659173292;-0.0525322871755632;-0.0180346413666912;0
0.402163446543849;-0.709218455814799;-0.0544492760484211;-0.0165200960501113;0
0.40160950547685;-0.709375969639761;-0.0563335157595871;-0.0149781143736087;0
0.401036890011696;-0.709517932487649;-0.0581836205590975;-0.0134104483105917;0
0.400445950009068;-0.70964410204238;-0.0599986423385397;-0.0118198131696994;0
0.399837033216584;-0.709754255860623;-0.0617788486202262;-0.0102073109026499;0
0.399210495603946;-0.709848178286021;-0.0635222847171039;-0.00857381631204156;0
0.39856671397034;-0.709925665641057;-0.0652277863847842;-0.00692035797925217;0
0.397906063254955;-0.709986519640472;-0.06689627444101;-0.00524715810617409;0
0.397228909122615;-0.710030545703149;-0.0685285701684556;-0.00355502822378921;0
0.396535609271888;-0.710057560643844;-0.0701256398054649;-0.0018450300103834;0
0.395826511365813;-0.71006738901338;-0.0716881976503751;-0.000117844803980555;0
0.395101963559578;-0.710059864221378;-0.0732152832860302;0.001625335966256;0
0.394362328194772;-0.710034833950387;-0.0747056205179521;0.00338301983696754;0
0.393607972069506;-0.70999216021794;-0.0761596816636171;0.00515378571717123;0
0.392839256363845;-0.709931716995969;-0.0775772021056513;0.00693692361960876;0
0.392056555797041;-0.709853382131336;-0.0789563916532664;0.00873194578576053;0
0.391260256527348;-0.709757042913885;-0.0802971822304082;0.0105375178627266;0
0.390450737277866;-0.709642597177372;-0.0816004351776626;0.012353468952392;0
0.389628364705509;-0.709509942750964;-0.0828686236106002;0.014178655203906;0
0.388793470736578;-0.709358999931474;-0.0841050327663885;0.0160110840012323;0
0.38794637566036;-0.709189699378186;-0.0853079588683956;0.0178500206245366;0
0.387087430325933;-0.709001984445228;-0.0864752549534137;0.0196934793746471;0
0.386216980504075;-0.708795824796552;-0.0876095682035206;0.0215384363671317;0
0.385335340324802;-0.708571217480119;-0.0887134725718108;0.0233828646894569;0
0.384442810946171;-0.708328172626087;-0.0897874088805248;0.0252257560144824;0
0.383539696230359;-0.70806671316909;-0.0908301202389706;0.0270654045612966;0
0.382626316937454;-0.707786879992611;-0.09184031277846;0.0289004157832578;0
0.381703001616519;-0.707488722701192;-0.0928170127991794;0.0307300726749866;0
0.380770090604158;-0.707172295258714;-0.0937595360136822;0.0325547136858745;0
0.379827927737535;-0.706837643530608;-0.0946670068413536;0.0343748237569652;0
0.378876868709412;-0.706484819030497;-0.0955390050448067;0.0361888597513687;0
0.377917263486573;-0.706113888386298;-0.0963762482680195;0.0379962805305694;0
0.37694946424142;-0.705724919828489;-0.0971773422807409;0.0397957787288305;0
0.375973846439197;-0.70531800857357;-0.0979394968217951;0.0415845483722986;0
0.374990808335968;-0.704893267548568;-0.0986614420674833;0.0433617117582051;0
0.374000756171715;-0.704450813763828;-0.0993418151529178;0.0451270475176353;0
0.373004117347918;-0.70399076576412;-0.099978593736044;0.046880633505424;0
0.372001330176782;-0.703513238626781;-0.100571608382752;0.0486229595747883;0
0.370992828874069;-0.703018343557553;-0.101121514887556;0.0503541901655624;0
0.369979038848497;-0.702506196094373;-0.10162973055254;0.0520730394851092;0
0.368960369555088;-0.701976927550605;-0.102097358596635;0.0537784539785108;0
0.367937217191553;-0.70143067500526;-0.102527332144139;0.0554694713347266;0
0.366909932351937;-0.700867592573703;-0.102924473772049;0.057144153753045;0
0.365878834644317;-0.700287848544397;-0.103289536938441;0.0588018519120038;0
0.364844247515397;-0.699691609398194;-0.103622829436206;0.0604433912518161;0
0.363806474949602;-0.699079032533338;-0.103927053731284;0.0620693863985583;0
0.362765797496605;-0.698450272144746;-0.104203961276232;0.0636802391882352;0
0.361722486662473;-0.697805476046813;-0.104453587302357;0.065276602806011;0
0.36067681059821;-0.697144789818941;-0.104677759032736;0.0668580473292568;0
0.35962900998852;-0.696468371801928;-0.104878378752559;0.0684224813423445;0
0.35857932506253;-0.695776403542147;-0.105054386661045;0.0699679103394354;0
0.35752801164068;-0.695069079396711;-0.105203578955279;0.071493598865131;0
0.356475345528294;-0.694346599179607;-0.105325157788682;0.0729990029621449;0
0.35542160341227;-0.693609173440245;-0.105418258413071;0.0744821762260637;0
0.354367078567458;-0.692857031037295;-0.105481896809922;0.0759427348273077;0
0.353312057559438;-0.692090390526393;-0.105517910196956;0.0773817586201359;0
0.352256810317894;-0.691309473131436;-0.105526937271541;0.0787976024496405;0
0.351201607429861;-0.690514522933673;-0.105509379589942;0.0801881093974502;0
0.350146703674157;-0.689705796515531;-0.10546753748966;0.0815529447322327;0
0.349092341411568;-0.688883542994676;-0.105400275939241;0.0828940933726925;0
0.348038784010621;-0.688047990834291;-0.105307257814152;0.0842123861487697;0
0.346986274648231;-0.687199374464682;-0.105190721805438;0.0855069210305255;0
0.345935049059074;-0.686337931516529;-0.105050340428236;0.0867777250578524;0
0.344885348945828;-0.685463896462255;-0.10488562720247;0.0880255794659554;0
0.343837409581058;-0.684577499289688;-0.104698994166775;0.0892496251307431;0
0.342791429254271;-0.683678991797066;-0.104494303597463;0.090447319567984;0
0.341747576432286;-0.682768645784314;-0.104273736075084;0.091617148209568;0
0.340706000019564;-0.681846744091112;-0.104039522514255;0.092758399380026;0
0.339666820805347;-0.680913573968048;-0.103794861949556;0.093870799150076;0
0.33863013373116;-0.67996942296176;-0.103540916208871;0.094954742825214;0
0.337596033415236;-0.679014573443164;-0.103277690248071;0.0960103870142123;0
0.336564609771737;-0.678049312579655;-0.103005510625687;0.0970368237493586;0
0.335535952487664;-0.677073940247209;-0.102724545520877;0.0980322767749345;0
0.334510140635369;-0.676088774176379;-0.102437048201093;0.098995590133736;0
0.333487225751939;-0.675094135737658;-0.102145282392209;0.0999267155552536;0
0.332467251368863;-0.674090348621873;-0.101848602181981;0.100825213997098;0
0.331450270129269;-0.673077743781221;-0.101546995680963;0.101690015387463;0
0.330436318017188;-0.672056665489292;-0.101243420596669;0.102519664227188;0
0.329425391881953;-0.671027470158697;-0.100942796127263;0.103313414461114;0
0.328417440880068;-0.669990516987341;-0.100648536030263;0.104071228513866;0
0.327412403528158;-0.668946163939132;-0.100359565890093;0.104793537352753;0
0.326410235847735;-0.667894762258997;-0.100074710109377;0.105481040578044;0
0.325410900131104;-0.666836656902714;-0.0997926127885086;0.106134411260419;0
0.324414370215385;-0.665772184974819;-0.0995145284416464;0.106754499633875;0
0.323420582349365;-0.664701671258131;-0.0992446079668372;0.107343283579181;0
0.322429446259549;-0.663625417164081;-0.0989842264415974;0.107902709270752;0
0.32144086364867;-0.662543715131635;-0.098734096475157;0.108432717286603;0
0.320454732638248;-0.661456864663768;-0.0984934740481547;0.108932171676841;0
0.319470965663114;-0.660365172545261;-0.0982614029990669;0.10940137191832;0
0.318489472619484;-0.659268934931024;-0.0980389195846963;0.109841260472924;0
0.317510157098774;-0.658168442290928;-0.0978254879639457;0.11025266248993;0
0.316532930197654;-0.65706397444785;-0.0976218551085704;0.110636234519749;0
0.3155576828059;-0.655955808339457;-0.0974293794640533;0.110992584872177;0
0.314584308375952;-0.654844207180722;-0.0972471735459259;0.111323606129908;0
0.313612704738016;-0.653729415696557;-0.0970753467174892;0.111630783478211;0
0.312642762473156;-0.652611668300443;-0.0969152104227085;0.111914924040966;0
0.311674361134624;-0.651491185763014;-0.0967668926093159;0.112178500420877;0
0.31070738792825;-0.650368160367599;-0.096629582612031;0.112423454128695;0
0.309741735499151;-0.649242779505248;-0.0965024675843116;0.112649560394032;0
0.308777310731477;-0.648115228000421;-0.0963837060824016;0.112858014448658;0
0.307814036679753;-0.646985673507791;-0.0962723539056487;0.113050181048428;0
0.306851842524482;-0.645854278031665;-0.0961673403935259;0.113226251984345;0
0.305890673017637;-0.644721198682947;-0.096067383154865;0.113387258467607;0
0.304930480573307;-0.643586579075563;-0.0959717123396127;0.11353440097589;0
0.303971231327652;-0.642450552374343;-0.0958782744823728;0.113669030209974;0
0.303012910572902;-0.64131323614072;-0.0957861898523595;0.113792358637067;0
0.302055498776569;-0.640174742514355;-0.0956967314331142;0.11390449323804;0
0.301098964450487;-0.639035185447887;-0.0956107211396771;0.114004876260702;0
0.300143279612958;-0.637894682725526;-0.0955261330914643;0.114093938368067;0
0.299188442030592;-0.636753340236915;-0.0954414724631431;0.114172933558667;0
0.298234445247783;-0.635611253014518;-0.0953582866084382;0.114243240699444;0
0.297281266490968;-0.63446850285846;-0.0952780429901182;0.114305317180036;0
0.296328875620559;-0.633325177357012;-0.0952004295983349;0.114358187832333;0
0.295377249466017;-0.632181373385962;-0.0951253461018242;0.114400773239868;0
0.294426353130028;-0.631037195767513;-0.0950549331536124;0.11443319605792;0
0.293476123347781;-0.629892736953143;-0.0949927567546603;0.11445737237429;0
0.292526458976057;-0.628748069914206;-0.0949422860188983;0.114475070437029;0
0.291577238628875;-0.627603255595549;-0.0949035148415267;0.11448675315583;0
0.290628357470865;-0.626458355498145;-0.0948741061727387;0.114492241758077;0
0.289679728782644;-0.62531342933455;-0.0948530143367343;0.114492158111442;0
0.288731275446593;-0.624168522675006;-0.0948384437619856;0.114488972737678;0
0.287782941297623;-0.623023652057634;-0.0948294561216117;0.1144851340129;0
0.286834666819607;-0.621878819497991;-0.0948263198471254;0.114481444315208;0
0.285886403093382;-0.620734020185587;-0.0948267257622397;0.114478650340135;0
0.284938131479066;-0.619589240673691;-0.0948273792662297;0.1144776016144;0
