0.179176178299193;0.117325691526244;0.665893644319739;-0.539690667436675;0.469669197824487
0.185824315884484;0.111929039581386;0.663733430998448;-0.539640583681006;0.516491762301449
0.192449776634893;0.106532919488003;0.661358200958347;-0.539584198221929;0.563158094408727
0.199050412950462;0.101137395235651;0.658768630686442;-0.539521569930436;0.609656506338446
0.205624079610993;0.0957425306628765;0.655963567701191;-0.539451873592227;0.655966801680675
0.212168615882187;0.0903484094218472;0.652942982779857;-0.539372458064109;0.702064518928042
0.218681874288569;0.0849551417403922;0.649707453007407;-0.539280833140587;0.747923145278734
0.225161698430541;0.0795628589235915;0.646255993606452;-0.539175313951326;0.793506607907896
0.2316059346634;0.0741717043642553;0.64259009438129;-0.539055187763829;0.838779897190796
0.238012444249197;0.0687818230613477;0.638710084909664;-0.538920875408763;0.883703320084751
0.244379083795775;0.0633933608188003;0.634616225648377;-0.538770689756346;0.92823086116718
0.250703723623709;0.0580064881286901;0.63030984033347;-0.538603310337965;0.972314054800184
0.25698425057173;0.0526213736374261;0.625794438061328;-0.538418850475238;1.01591116173274
0.263218594182812;0.0472381928942203;0.621072447098695;-0.538216652652432;1.05898120630392
0.269404687534938;0.0418571175632821;0.616144515168689;-0.537998333342407;1.10147558647975
0.275540488123045;0.0364782946820823;0.611014001073668;-0.537766650687884;1.14334971220593
0.281623992685708;0.031101854604913;0.605685937500118;-0.537521337437454;1.18456903627981
0.287653257320571;0.0257279541900612;0.600166426291411;-0.537257745819435;1.22511203963491
0.293626390680344;0.0203568029062614;0.594459608950994;-0.53697098737123;1.26496058578813
0.299541537183286;0.0149886420087794;0.588569316284794;-0.536659955013536;1.30409885903689
0.305396884300832;0.00962370868869372;0.582499752277953;-0.536325655938287;1.34251521334387
0.3111906562826;0.00426223243584256;0.576254241014636;-0.5359686990975;1.38019787076901
0.316921114553233;-0.00109556090734481;0.569837466188387;-0.535589051546794;1.41714067731551
0.322586570849129;-0.00644943646376844;0.563253625486355;-0.53518460984053;1.45334016071348
0.328185371021475;-0.0117991297496381;0.55650656602354;-0.534752228027458;1.48879340722647
0.333715897984412;-0.0171443554886068;0.549598048677858;-0.534291473856596;1.52348912762133
0.339176539305899;-0.0224848334984315;0.542529693760359;-0.533802532703986;1.55740692696648
0.344565717927942;-0.0278202766819191;0.535305251265778;-0.533284551413825;1.59052620496838
0.34988188891093;-0.0331503919689083;0.527928343273165;-0.532736872685525;1.62282514218984
0.355123555631266;-0.0384748780820613;0.520404860418158;-0.532158726256146;1.65429042339251
0.360289287579137;-0.0437934298005587;0.512741967000633;-0.531550186707122;1.68492293388236
0.365377727063198;-0.0491057396383811;0.504946833655304;-0.53090985445307;1.71473729986899
0.370387582743498;-0.0544114757789508;0.497025385458372;-0.530235271185871;1.74375605930726
0.375317609805949;-0.0597102911938523;0.488980623738883;-0.529525814899768;1.77199733136375
0.38016658579048;-0.0650018370883831;0.480815283133912;-0.528781367143097;1.7994741039812
0.384933329147029;-0.0702857644257155;0.472534395345992;-0.528002423674086;1.82620508767358
0.389616713669732;-0.0755617312281288;0.464143994601002;-0.527189144775819;1.8522195338994
0.394215672017754;-0.0808293842774759;0.455649197453203;-0.526339128662663;1.87755271475154
0.398729184704894;-0.0860883447160468;0.447055512951221;-0.525450760239677;1.90224848941054
0.403156291947803;-0.091338229228493;0.438368080455746;-0.524523869673123;1.92635893757819
0.40749606858033;-0.0965786447992516;0.429589158737086;-0.523556510139377;1.94993168473899
0.411747607461523;-0.101809176782933;0.420720340461083;-0.522547262222389;1.97300790642844
0.415910015968182;-0.107029411495357;0.411762748166633;-0.521497555701526;1.99562212659627
0.41998240495949;-0.112238945399156;0.40271570712594;-0.520406433124733;2.01779396392297
0.423963872213821;-0.117437352300401;0.39357786145607;-0.519272551721084;2.03952525063568
0.427853508366548;-0.122624209820438;0.384349199359552;-0.518096591195574;2.06080693997456
0.431650415618074;-0.127799093469102;0.375032444339176;-0.516877675814178;2.08163060380343
0.435353730556724;-0.132961570428578;0.365630490788507;-0.515615463206414;2.10198921923152
0.43896261042142;-0.138111200364317;0.356145557148732;-0.514307444774082;2.12187296065385
0.442476241957093;-0.143247503237814;0.346580897420305;-0.512949832178309;2.14127278614474
0.44589384077081;-0.148369971601184;0.336938778408857;-0.511540138220209;2.1601761084628
0.449214642331672;-0.153478073538973;0.327221498278444;-0.510076551063698;2.17856679016672
0.45243791535983;-0.158571262434136;0.317433529309692;-0.508557055375085;2.19643424619684
0.455562977167515;-0.163648966892057;0.307579248705352;-0.506979655531865;2.21377259103742
0.45858917884697;-0.168710599127762;0.297661397193942;-0.505342000765459;2.23057281652278
0.461515897848733;-0.173755540268853;0.287682665044999;-0.503641264057276;2.2468218811703
0.464342540160031;-0.178783157159688;0.277646005567425;-0.501877491424464;2.26250493639169
0.467068539409486;-0.183792819370435;0.267553790637518;-0.500049863259882;2.27760198203756
0.469693350540812;-0.188783873746524;0.257408247633636;-0.498155615757852;2.29208563532344
0.472216453756359;-0.193755646751015;0.247212033743087;-0.496193686278107;2.30592323232341
0.474637355091541;-0.198707463647397;0.236967624725818;-0.494164613461333;2.31907627949355
0.476955592932997;-0.203638654920135;0.226679918286745;-0.492068517834801;2.33151022965738
0.479170760177242;-0.208548548664455;0.216352912976342;-0.48990519743731;2.34318966419193
0.481282471261639;-0.213436466073769;0.20598852760078;-0.487672562764944;2.35406725825066
0.483290373114959;-0.2183016945827;0.195591254586884;-0.485366993854216;2.36409297587866
0.485194169060606;-0.223143490017693;0.18516785269781;-0.482985412021108;2.37322296841046
0.486993632341744;-0.227961080559991;0.174724708236974;-0.480525950561576;2.38141751962014
0.488688594123309;-0.232753683670348;0.164267890013025;-0.477987655619597;2.38863928119509
0.490278951293021;-0.237520508207495;0.153803843948403;-0.475370420577169;2.39485466851758
0.491764655814301;-0.242260766413568;0.143336974063843;-0.472674059118563;2.40002426964768
0.49314570170416;-0.246973656367859;0.132872344240735;-0.469896214438277;2.40410337450687
0.49442214786174;-0.251658352242094;0.122417345243935;-0.467035061865894;2.40705131993865
0.495594130731512;-0.256314020524888;0.111980093731955;-0.464090751994308;2.4088350988954
0.496661871709212;-0.260939834992818;0.101569517339886;-0.461064387927727;2.40943292177977
0.497625685962899;-0.26553498001325;0.0911954398835112;-0.457956766195479;2.40883744235245
0.498485983834661;-0.270098645842413;0.0808663509421488;-0.454768533313871;2.40704976476692
0.499243251470783;-0.274630030853942;0.0705897783663363;-0.451500528961132;2.40407552430793
0.499898049690977;-0.279128341256618;0.0603722760670878;-0.448153548480395;2.39992087806575
0.500451000231873;-0.283592796082663;0.0502207787407709;-0.444729781038718;2.39459551189223
0.500902803781148;-0.288022645932665;0.0401429751993989;-0.44123299188176;2.38811760883534
0.501254224501091;-0.292417171417216;0.0301439361878166;-0.437664401395925;2.38050133245076
0.501506072564697;-0.296775650520587;0.0202285033394448;-0.434023602623012;2.37175487497923
0.50165921172652;-0.301097367363457;0.0104020902465853;-0.430312050618151;2.36188470414054
0.501714560959947;-0.305381624990674;0.00067085554762214;-0.426531846859063;2.35089959030477
0.501673108683562;-0.309627748826299;-0.00895783832745722;-0.422685513471506;2.3388163956528
0.501535915112095;-0.313835091813604;-0.0184772065139506;-0.418775817946678;2.32565845636108
0.501304098007227;-0.318003033405673;-0.0278829326843926;-0.414805387627022;2.31144599865186
0.500978807445538;-0.32213097368889;-0.0371721162853511;-0.410775118659396;2.29618940588255
0.500561228601774;-0.326218316352791;-0.0463404870148301;-0.406686077662357;2.27989541659644
0.500052602157444;-0.330264485917256;-0.0553808501030869;-0.40254041160727;2.26258039518822
0.49945424444796;-0.334268924109602;-0.0642868773751754;-0.398339846190795;2.24426684812458
0.498767518598975;-0.338231094634737;-0.0730543346388832;-0.394087100332422;2.22497656018339
0.497993831573027;-0.34215049284181;-0.0816792916787012;-0.389785688478232;2.20473094754252
0.497134622714053;-0.346026642157078;-0.0901588320954633;-0.385436755140607;2.1835453714551
0.49619136447517;-0.349859062028001;-0.0984889366061313;-0.381039439210271;2.16143191680593
0.49516556889871;-0.353647269354766;-0.10666681188985;-0.376594060841957;2.13839601848813
0.494058769506222;-0.357390788783884;-0.11468933195136;-0.372101775566558;2.11443896075615
0.492872544711499;-0.361089154275928;-0.12255188277037;-0.367562754675084;2.08956290339095
0.491608514575645;-0.364741900996704;-0.130250089890078;-0.362978292663903;2.06377130866471
0.49026834710631;-0.368348593215943;-0.137779174414324;-0.358352140305637;2.03707350319244
0.488853751234425;-0.371908831005093;-0.145135934280295;-0.353687476799536;2.00947855441112
0.487366461386858;-0.375422244567793;-0.152318035759118;-0.34898763176222;1.98099273039555
0.485808235608434;-0.378888503253011;-0.159323285556284;-0.344256899037505;1.95162068718353
0.484180850926592;-0.382307316610608;-0.166150006026203;-0.33949857945191;1.92136306243558
0.482486098714755;-0.385678420333286;-0.172797117357285;-0.334715078789636;1.89021375124664
0.480725784525868;-0.389001571917697;-0.179262077293098;-0.329907856554839;1.85816465628442
0.478901753536576;-0.392276533736115;-0.185540003443531;-0.32507665215651;1.82521252657806
0.477015899961683;-0.395503071662867;-0.191626371414124;-0.320223535594377;1.79136038598058
0.475070156844351;-0.398680988009963;-0.197517772121484;-0.315352484485001;1.75661603231063
0.473066489489887;-0.401810119851223;-0.203211017006498;-0.310466898367463;1.72099113054129
0.471006892323673;-0.404890334196;-0.20870385206707;-0.305568614249931;1.68449656178075
0.468893380928094;-0.407921510030698;-0.213993410344977;-0.300659464385584;1.64714513749558
0.466728008305737;-0.410903555245788;-0.219075836882218;-0.29574254248061;1.60895715314586
0.46451285694535;-0.413836405350419;-0.223949325701775;-0.29082059678547;1.56995336791861
0.462250019168893;-0.416720016609699;-0.22861316140639;-0.285894073349322;1.53014908859234
0.459941599028591;-0.419554335206965;-0.233065565572843;-0.280961644347246;1.48955624281041
0.457589724551439;-0.422339310027726;-0.237303670855997;-0.276025946339217;1.44819241021119
0.455196555177003;-0.425074925699693;-0.241324075658665;-0.271089296941857;1.40608284433057
0.452764278809246;-0.427761180328809;-0.245125280023023;-0.266154556654645;1.3632553402702
0.450295089002092;-0.430398119960704;-0.248706444283469;-0.261226411729915;1.31974111252149
0.447791193586533;-0.432985820081115;-0.252066435246203;-0.256306481486926;1.27557287409073
0.445254798296029;-0.435524366274257;-0.255206986545603;-0.251395457528441;1.23077498491459
0.44268808930028;-0.438013850652129;-0.258128813332831;-0.246493957637679;1.18536750862956
0.440093261895821;-0.440454374325868;-0.260830459932036;-0.24160346558922;1.13937502555605
0.437472515966768;-0.442846056841915;-0.263312908949632;-0.236725647781752;1.09281964096565
0.434828036911336;-0.445189036566015;-0.265576658391818;-0.231863548101556;1.04572500891827
0.432162019319895;-0.447483484768092;-0.267620314812041;-0.227018840833536;0.998121306287475
0.429476661777792;-0.449729572862584;-0.269444995227943;-0.222191690496284;0.950036114296168
0.426774145498534;-0.451927485922668;-0.271051648344694;-0.217383919344444;0.901497743599291
0.424056650324928;-0.454077427787459;-0.272440978790128;-0.212597802845743;0.852537281070727
0.421326336499615;-0.456179625640377;-0.273615506743029;-0.20783505109551;0.803183104675947
0.418585343147742;-0.458234318031409;-0.274576669891937;-0.203096968640927;0.75346438683237
0.41583579761454;-0.460241753325335;-0.275326068712351;-0.198382975490693;0.703408919148046
0.41307980226064;-0.462202161868912;-0.275866901775108;-0.19369162463964;0.653037969005039
0.41031942494805;-0.4641157734578;-0.27620263106972;-0.189023715740099;0.602368962685161
0.407556700598511;-0.46598282657578;-0.276336441755269;-0.184379937726176;0.551416763592553
0.404793634861481;-0.467803575339408;-0.276270800077676;-0.17976402740993;0.50020003769023
0.402032212837235;-0.469578319980728;-0.27600759252037;-0.175178874050026;0.448742351696013
0.399274392015613;-0.471307365015298;-0.275551253264586;-0.170624303684832;0.397061864902215
0.396522073369705;-0.472991022436214;-0.274907412397192;-0.16610165291408;0.345170484410239
0.393777115706788;-0.474629621531747;-0.274078727613414;-0.161613178438983;0.293083547828719
0.391041360751666;-0.47622351159238;-0.273066709290253;-0.157159699372268;0.240821506511407
0.388316630561589;-0.477773043449452;-0.271873680831299;-0.152742146297792;0.188408251471266
0.385604718641928;-0.479278588514779;-0.270503301695854;-0.148362618860624;0.135869420485706
0.382907378659088;-0.480740526661537;-0.268959127700578;-0.144020503428786;0.0832298791710455
0.38022633093898;-0.482159219254386;-0.267245235708835;-0.139713138666065;0.0305104330834149
0.377563244850233;-0.483534998956092;-0.265367058928261;-0.135437617677698;-0.0222753810679999
0.374919741509858;-0.484868179717619;-0.263328559358877;-0.131194000453884;-0.0751138110798788
0.372297406923166;-0.486159091822439;-0.261133464933557;-0.126984238729899;-0.127987873038056
0.369697789839163;-0.48740807827125;-0.258784611306363;-0.122809181510806;-0.180876250601478
0.367122416664486;-0.488615494234506;-0.256284805387705;-0.118670949890929;-0.233751599879657
0.364572774980341;-0.489781721531481;-0.253638331574921;-0.114571859585621;-0.286583570054656
0.362050309495407;-0.490907152776763;-0.250849756440931;-0.11051175895682;-0.339341920116468
0.359556416000648;-0.491992174538789;-0.247924068747308;-0.106490361972774;-0.391997323176048
0.357092437193857;-0.493037176501951;-0.244867354502806;-0.102508082214417;-0.444522758840506
0.354659652047384;-0.494042551400888;-0.241685333759683;-0.0985653944889009;-0.496892406576061
0.352259293857851;-0.495008700545168;-0.238381865922994;-0.094663470301813;-0.549076781059406
0.349892559955555;-0.495936032416325;-0.234960287061487;-0.0908018774659117;-0.6010432305774
0.347560614808459;-0.496824938227016;-0.231424039813125;-0.0869781476898795;-0.652758124674235
0.345264581602724;-0.49767578498498;-0.227778258605777;-0.0831901455714337;-0.704189761147141
0.343005524610817;-0.498488923199204;-0.224029027257884;-0.079436661402177;-0.755309132663543
0.340784455726206;-0.499264692088729;-0.220180271918065;-0.0757163241322494;-0.806085723275124
0.338602361028174;-0.500003418506347;-0.216233662658084;-0.0720287389874034;-0.856482221693287
0.336460206606032;-0.50070544030343;-0.21219233327006;-0.0683764592567628;-0.906454599692785
0.334358917419081;-0.501371125859909;-0.208060422933539;-0.0647621179587599;-0.955954065134618
0.332299382296752;-0.502000857395386;-0.203841422452678;-0.0611859347693544;-1.00492822180197
0.330282455425665;-0.50259501336324;-0.199538456240183;-0.0576474252835925;-1.05332111806042
0.328308962296226;-0.503153969836101;-0.195154537424314;-0.0541464661844949;-1.10107281275584
0.326379695269136;-0.503678096930174;-0.190693040462527;-0.0506815343769338;-1.14812127546154
0.3244954105848;-0.504167740519264;-0.186158228015399;-0.0472497839919997;-1.19440497821745
0.32265681946176;-0.504623225433489;-0.181554017934135;-0.0438505283160957;-1.23986054799715
0.320864602429067;-0.505044879657308;-0.176883202065837;-0.0404839905004242;-1.28442038816246
0.319119414123715;-0.505433024087106;-0.172147675856612;-0.0371487902241517;-1.32801275083643
0.317421891008116;-0.505787961101753;-0.167350280766988;-0.0338425521383123;-1.37056409260084
0.315772622168015;-0.50610996562762;-0.162497420879441;-0.0305623586408186;-1.41200484303781
0.314172128155012;-0.506399280799952;-0.157595419123016;-0.0273044466975522;-1.45226984202775
0.312620877339382;-0.506656115632708;-0.152648797342186;-0.0240670056772703;-1.49129441435186
0.311119292354769;-0.506880673927567;-0.147662533930668;-0.0208492477444966;-1.52901449365185
0.309667740493477;-0.507073146051358;-0.14264252776075;-0.017650528629791;-1.56536800852469
0.308266532131563;-0.507233719057176;-0.137593889707822;-0.0144691720259493;-1.6002947075199
0.306915932438124;-0.507362547817635;-0.132520913205966;-0.0113018806665158;-1.63373625462539
0.305616160851526;-0.50745976404159;-0.127428589217464;-0.00814692059070171;-1.66563633937968
0.304367386934674;-0.507525485207643;-0.12232135591234;-0.00500329022397622;-1.69593982674717
0.30316974322633;-0.50755981941836;-0.117202546957631;-0.00186964539113377;-1.72459191362563
0.302023330716497;-0.507562853995803;-0.112074961127968;0.00125667668517493;-1.75153844815852
0.30092822428024;-0.507534641813508;-0.106941362441298;0.00438024713038859;-1.77672697341382
0.299884466505286;-0.5074751906126;-0.101805406670078;0.00750399476571778;-1.80010704659216
0.298892066119913;-0.507384501388815;-0.0966695639064171;0.0106272154166269;-1.82162766196427
0.297951013266047;-0.50726258293269;-0.0915360554182775;0.0137494816521015;-1.84123756479621
0.297061266370753;-0.507109437459058;-0.0864086159230187;0.0168728447337763;-1.85888807062422
0.296222745722404;-0.506925038583119;-0.0812910283239305;0.020000099522727;-1.87453352819317
0.295435337450215;-0.50670934218447;-0.0761861119868467;0.0231319220968662;-1.88812988439709
0.294698903720934;-0.506462302880721;-0.0710962569269045;0.0262685118983204;-1.89963444568796
0.294013277855526;-0.506183865081792;-0.0660249293046073;0.029411838333153;-1.90900756139459
0.293378255765962;-0.505873956369419;-0.0609757401368273;0.0325619511114551;-1.9162124474995
0.292793602791531;-0.505532519408503;-0.0559511869484786;0.0357172173941329;-1.92121418849288
0.29225906433387;-0.505159505411658;-0.0509528315012311;0.0388770255984203;-1.92397951826408
0.291774374201368;-0.504754876322205;-0.0459813791319715;0.0420396638086802;-1.92447631159704
0.291339261573134;-0.504318620020578;-0.0410373185656951;0.0452015881636819;-1.92267362555197
0.290953452493377;-0.503850765326871;-0.0361203293600105;0.0483586295817732;-1.91854157541916
0.29061667369117;-0.503351371723413;-0.0312319404970255;0.0515095247350835;-1.91205326106908
0.290328613494243;-0.502820497566264;-0.0263776503125885;0.0546546574022143;-1.90318763521186
0.290088910077899;-0.502258196752184;-0.0215604925729623;0.0577954805865086;-1.89192777601776
0.28989718976705;-0.501664505517856;-0.0167814212693221;0.0609324049811379;-1.87825949852741
0.289753062400386;-0.501039478627196;-0.0120420890864309;0.0640620540463935;-1.86217206295738
0.289656126141462;-0.500383208086582;-0.00734340254602495;0.0671808104336257;-1.84365797360525
0.289605968129397;-0.499695812736862;-0.00268688878903589;0.0702872904755782;-1.82271319279204
0.289602154661509;-0.498977416624737;0.00192492687407642;0.0733810382972746;-1.79933746716995
0.289644230722878;-0.498228148990468;0.0064910366127624;0.0764621509977731;-1.7735332513252
0.289731740896374;-0.497448140811201;0.011011492613141;0.0795285975472484;-1.74530548632762
0.289864223460749;-0.496637563192167;0.0154850738552672;0.0825758368065974;-1.71466283246385
0.290041201596006;-0.49579662839092;0.0199101793570922;0.085599697970148;-1.68161779461315
0.290262186280248;-0.49492559213036;0.02428625206336;0.0885960210319506;-1.64618625284289
0.290526687311;-0.494024748789878;0.0286131137217904;0.0915609657198914;-1.60838717407734
0.290834209170486;-0.493094435412216;0.0328900940956383;0.0944896493479137;-1.56824315807082
0.291184256532841;-0.492135038472839;0.0371185149609374;0.0973778169777096;-1.52577938745553
0.291576351660175;-0.491146979189546;0.0412991052223626;0.100222093327349;-1.4810234103617
0.292010008273567;-0.490130709998198;0.0454303519085448;0.103020447439215;-1.43400513425244
0.292484731730339;-0.489086704379232;0.049512517424585;0.105768713976109;-1.3847570072
0.293000040498334;-0.488015496647578;0.053547484172942;0.108461001967516;-1.33331430283846
0.29355546967425;-0.486917665917119;0.0575363800590249;0.111093333636677;-1.27971427681432
0.294150558300989;-0.485793823728294;0.0614789984358886;0.113664343022313;-1.22399484478823
0.294784839008688;-0.484644582726071;0.0653743139240153;0.116173414935217;-1.16619397636667
0.295457834427914;-0.483470569123479;0.0692217165502749;0.118619973667367;-1.10634912467829
0.29616906365494;-0.482272413156007;0.073020613647107;0.121001650365952;-1.04449802694942
0.296918032361001;-0.481050790840285;0.0767688922423402;0.123313550618493;-0.980680567769268
0.29770422148671;-0.47980642216381;0.0804641423010157;0.125550700062553;-0.914938724035883
0.29852709396355;-0.478540088222132;0.0841052987374036;0.127706357895565;-0.847317439201144
0.299386110927528;-0.477252638058424;0.0876930895395185;0.129773727236683;-0.777864249797848
0.300280743000311;-0.475944983087357;0.0912279806630087;0.131747621277478;-0.706628033106657
0.301210455658936;-0.474618078039386;0.0947086916831203;0.1336238707654;-0.633658412315671
0.302174702952666;-0.473272920626475;0.0981349117398236;0.135398449806542;-0.55900529753179
0.303172942638378;-0.471910545655384;0.10150685151527;0.137067595203885;-0.48271843335903
0.304204630604605;-0.470532027910461;0.104824533272492;0.138627254746677;-0.404847586920337
0.30526923368105;-0.46913848552359;0.108090379785541;0.140072397324332;-0.325442992761882
0.30636625206868;-0.467731096038409;0.111307971869139;0.141396360483634;-0.244556761656913
0.307495210637119;-0.466311099153804;0.114477975868043;0.14259435110771;-0.162241600319484
0.308655624137826;-0.464879773092739;0.117598515123238;0.143662003233538;-0.0785507650257484
0.309846989161327;-0.463438449754667;0.120667947929046;0.144593910108268;0.00646091270713889
0.311068786314877;-0.461988508128027;0.123684475965048;0.145385824663261;0.0927381658889148
0.312320477377658;-0.460531368303703;0.126646493154135;0.146033674900025;0.180225468986642
0.313601515731617;-0.45906849053205;0.129554055702508;0.146533608284372;0.268867439237714
0.314911356686553;-0.457601374856273;0.132406604692961;0.146881115811044;0.358607944511379
0.316249440525312;-0.456131571232057;0.135202391292603;0.147071168028568;0.449389232173667
0.31761520155384;-0.454660677348315;0.137942671139435;0.147099087755587;0.54115253625428
0.319008092127369;-0.453190334747212;0.14062779327813;0.146961138844917;0.633838893741408
0.320427550727122;-0.451722208501083;0.143256358272057;0.146656724061687;0.727392498654649
0.321873012095715;-0.450257968338828;0.145828324250421;0.146183506700736;0.821758689162203
0.323343906628339;-0.44879932431932;0.148342833948374;0.145537936462453;0.916882217584605
0.32483965707924;-0.447348008289941;0.150799765252909;0.144717907635385;1.01270891046168
0.326359685821938;-0.445905779491107;0.153198052907601;0.143720642230633;1.10918453535365
0.327903391066999;-0.444474416307422;0.15553471929089;0.142545388158598;1.20625689786359
0.329470147669436;-0.443055697001024;0.157808477410758;0.14119221139631;1.30387686756758
0.331059329995088;-0.44165140810126;0.160020293083473;0.139659167152727;1.40199587208238
0.332670317959592;-0.44026336346425;0.162169114101755;0.137943305657588;1.50056412662436
0.334302468843063;-0.43889339546629;0.164253064126014;0.13604459791577;1.59953408658362
0.335955134825958;-0.437543326210869;0.166272365736152;0.133963632023657;1.69886129564794
0.337627665370712;-0.436214980822803;0.168225652518855;0.131700283460899;1.79850303450699
0.339319385845485;-0.434910183038437;0.17011012678416;0.129253956894734;1.8984172325356
0.341029596520141;-0.433630770306146;0.171923591068319;0.12662344211394;1.99856139148243
0.342757581237787;-0.432378586485116;0.173665179404321;0.123808139699917;2.09889328544849
0.34450261464923;-0.431155475732867;0.175332862749504;0.120809661261495;2.19937355021791
0.346263943750871;-0.429963260004636;0.176924553165323;0.117628723176275;2.29996414078865
0.348040806678975;-0.428803774389787;0.17843968245903;0.114263564880828;2.40062481397881
0.349832432309557;-0.427678865478604;0.179877194478071;0.110713134600517;2.50131375614084
0.351638038634277;-0.42659038958517;0.181235835508502;0.10697702750303;2.60198816123256
0.353456830213624;-0.425540197707389;0.182514378281919;0.103056591362472;2.70260640477785
0.355288002687377;-0.424530127607163;0.183712264691801;0.098952413454252;2.80312681464445
0.357130746335201;-0.423562012673529;0.184828676569124;0.0946660903812092;2.90350881416259
0.358984237551372;-0.42263765626304;0.185861661392073;0.0902009728584665;3.00371495595825
0.360847624508343;-0.421758830553569;0.186807197321687;0.0855604145264854;3.10371021812226
0.362720005324547;-0.420927263736583;0.187659842171405;0.0807501603447341;3.20346468330221
0.36460042861134;-0.42014462215893;0.188415492217032;0.0757756046943212;3.30295277815326
0.366487907392359;-0.419412523795276;0.189070476105219;0.0706425109453105;3.4021534216457
0.368381426167948;-0.418732521615666;0.189624342666604;0.0653564525204268;3.50105002557445
0.37027998311604;-0.418106127890973;0.190078109780279;0.0599211530186321;3.59962797253467
0.372182566220601;-0.417534814882152;0.190429220325576;0.0543403873063448;3.69787373960337
0.374088132430111;-0.417020018393561;0.190674519097423;0.0486181949777995;3.79577476611066
0.375995608930348;-0.416563123801194;0.190810942713728;0.0427606924958234;3.89332201897485
0.377903892917517;-0.41616545396954;0.190835946472312;0.0367732665026725;3.99050865407556
0.379811861737947;-0.415828293907312;0.190747829384816;0.0306583700033408;4.08732567837564
0.38171837257508;-0.415552907953742;0.19054397794998;0.0244183629396137;4.18376126267693
0.3836222556691;-0.415340530655438;0.190222422080107;0.0180564624330746;4.27980175009455
0.38552233184678;-0.415192368535678;0.189782739494413;0.0115748019898982;4.37543023989288
0.387417420871132;-0.415109604730637;0.18922546435492;0.00497708639102434;4.47062889560242
0.389306347162952;-0.415093369589107;0.188549937822705;-0.00173074633372522;4.56538160113363
0.391187915067428;-0.415144740514104;0.187753602839134;-0.00854444910981994;4.65967078797627
0.393060906324463;-0.415264757550781;0.186834573814299;-0.0154599248445388;4.75347706063365
0.394924091601844;-0.415454403786081;0.18579285249531;-0.0224694998416425;4.84678440920057
0.396776246505154;-0.415714575110763;0.184628415672468;-0.0295646376788367;4.93958117826051
0.398616131861975;-0.416046088205914;0.183338384988467;-0.0367372269437526;5.03185830364478
0.400442475918219;-0.416449678360306;0.181920099521064;-0.0439801625555981;5.12360753733438
0.402253990114041;-0.416926025637313;0.180372284290815;-0.0512889980750882;5.21481792947094
0.404049378122696;-0.4174757606078;0.178695377941157;-0.0586571899479962;5.30547897079313
0.405827359447024;-0.418099434964031;0.17689128131024;-0.0660767757258265;5.3955828596611
0.407586669212805;-0.418797526839453;0.174961358024373;-0.0735403533987589;5.48512355564384
0.409326051412786;-0.419570435561296;0.172905608521488;-0.0810398020773717;5.57409713481522
0.41104424562746;-0.420418480904402;0.170723990486651;-0.0885675398209702;5.66250087138354
0.412740000315166;-0.421341919275383;0.168418022525516;-0.0961191466289196;5.75032966837133
0.414412083073721;-0.422340972752012;0.165990139338303;-0.103690546402722;5.83757607215924
0.416059284041432;-0.423415808637933;0.163441594451674;-0.111275698372476;5.92423240424957
0.417680396477924;-0.424566526967924;0.160772599363534;-0.118866251431191;6.01029313929327
0.419274224452933;-0.425793134878774;0.157985186627576;-0.126453618987363;6.09575574524288
0.420839596041528;-0.427095569843422;0.155081448417812;-0.13403165821427;6.18061779568916
0.422375351258154;-0.428473712514447;0.152061816284815;-0.14159559979401;6.26487474123094
0.423880330217955;-0.429927402820989;0.148926117088371;-0.149141478642074;6.34851869911116
0.425353367573821;-0.43145642870875;0.14567302620639;-0.156662146794896;6.43154149145444
0.426793283093755;-0.433060493653315;0.142301846103095;-0.164149245877651;6.51393595415237
0.428198898865324;-0.434739228364084;0.13881289604099;-0.171596156401682;6.59569418441231
0.429569040070112;-0.436492205219341;0.135207260823754;-0.178998366418212;6.67680550627594
0.430902544555135;-0.438318964105726;0.131485060710243;-0.186353287603754;6.75725407913093
0.432198237594277;-0.440219010794274;0.127644810465373;-0.193655864138389;6.83702080249984
0.433454937121824;-0.442191776413238;0.123686309152387;-0.200896326327421;6.91608850845463
0.434671460820512;-0.444236583231546;0.119609457119697;-0.208063657936597;6.99444293350392
0.435846630543835;-0.44635265069761;0.115415998742869;-0.215148178811644;7.07207191233878
0.436979299580124;-0.448539110783108;0.11110976603769;-0.222142474313533;7.14896408516153
0.438068358216161;-0.450795030036205;0.106694266242012;-0.229039942534969;7.22510816796273
0.439112731419737;-0.453119405028748;0.102173159617076;-0.235833804175718;7.30049337649865
0.440111384650105;-0.455511167316935;0.0975508414130484;-0.242517266339517;7.37510997966031
0.441063326542632;-0.457969183796513;0.0928311640896065;-0.249085336453996;7.44894773042593
0.441967597245136;-0.460492276435048;0.0880167723288327;-0.255531940425094;7.52199646372573
0.442823267335041;-0.463079182934336;0.08311178858667;-0.261847648570888;7.59424963969501
0.443629457012247;-0.46572856020861;0.0781209962674401;-0.268026624866385;7.66570183624459
0.444385319614756;-0.468439023751155;0.0730460538365066;-0.274064987966073;7.73634595626302
0.445090013754922;-0.471209137487005;0.0678871233098352;-0.27995637540987;7.80617442443156
0.445742709512112;-0.474037390029414;0.0626468582242093;-0.285692101023491;7.87518192241646
0.44634261103749;-0.476922183731729;0.0573280746648546;-0.291264653333785;7.94336450609817
0.446888943222185;-0.479861863101422;0.0519333253589409;-0.296669543536879;8.01071740300495
0.447380967249114;-0.482854724865288;0.0464667759785302;-0.301900603671398;8.0772370017618
0.447817982286623;-0.485898993744971;0.0409314409567122;-0.306950952850759;8.14292076753686
0.448199316519223;-0.488992835313589;0.0353311731868781;-0.311814987435671;8.20776684578067
0.448524342860842;-0.492134353910582;0.0296697008714777;-0.316485862894948;8.27177472609424
0.44879246041689;-0.495321577910393;0.0239494927967846;-0.320955392870559;8.3349452094977
0.449003103898202;-0.498552457526351;0.0181754417855788;-0.325216985537368;8.39728054418436
0.449155760408087;-0.501824896482125;0.0123519432613105;-0.329267698429467;8.45878237599869
0.44924994308773;-0.505136774675036;0.00648015500565552;-0.333104874226995;8.5194501601213
0.449285175665673;-0.508485928669385;0.000562054382399368;-0.336722116610745;8.57928320134247
0.449261016536584;-0.511870117364999;-0.00539795972571494;-0.340111280158905;8.63828234242212
0.449177069798259;-0.515287028532509;-0.0113954110415248;-0.343266557474359;8.69644885115995
0.449032987023582;-0.518734309353693;-0.0174245865001181;-0.346185844104891;8.75378366496599
0.448828483185426;-0.522209592963815;-0.0234794455039878;-0.348866957219352;8.81028780035618
0.448563324821245;-0.525710476224577;-0.0295553827661399;-0.351305609359682;8.86596243724021
0.448237321731608;-0.529234511868286;-0.0356484810213343;-0.353497060201552;8.92080863816167
0.447850321365219;-0.532779211054453;-0.0417547587443209;-0.355438884939708;8.97482670960714
0.447402216956925;-0.536342070192154;-0.0478689577198071;-0.357128660057207;9.02801688619212
0.446892960218481;-0.53992054627246;-0.0539848177492239;-0.358562179127022;9.08038019910254
0.446322566400451;-0.543512062363033;-0.0600960997424111;-0.359736602902421;9.13191814499159
0.445691111201366;-0.547114021372771;-0.066196790619455;-0.36065129070464;9.18263227615337
0.444998734636564;-0.550723825465163;-0.0722796884880656;-0.361305414721062;9.23252490752424
0.444245650924657;-0.554338852238621;-0.0783380745127171;-0.361695252241379;9.28159918206456
0.443432135925363;-0.557956448808095;-0.0843653794323595;-0.36181998793495;9.32985863417966
0.442558534845749;-0.561573966727708;-0.090355218991907;-0.361678844804036;9.37730709443655
0.441625248329973;-0.565188729564531;-0.0963022722665993;-0.361268689420687;9.42394816320008
0.440632735593379;-0.56879805356749;-0.102200090671996;-0.360592270919532;9.46978560482068
0.439581518115138;-0.572399303408979;-0.108043351346489;-0.359654079592398;9.51482318106763
0.438472161984254;-0.575989867324866;-0.113827673435026;-0.358455082930656;9.55906434067365
0.437305280030369;-0.579567137981192;-0.119548614988006;-0.356995311734713;9.60251220264492
0.436081520840017;-0.58312850732477;-0.125203609125895;-0.355274769496547;9.64516876813207
0.434801552626232;-0.586671365548413;-0.130790746931066;-0.353292788550632;9.68703458837363
0.433466071939824;-0.590193092776915;-0.136305857198653;-0.351048527749713;9.72810960838771
0.432075825490001;-0.593691063630489;-0.141743991700671;-0.348541211002689;9.76839338773718
0.430631606617901;-0.597162642572064;-0.147100079739084;-0.345770040925251;9.80788502352929
0.429134265825851;-0.600605198992136;-0.152368220313696;-0.342737408673724;9.84658409623263
0.427584707157997;-0.604016129431974;-0.157543772388835;-0.339444166526794;9.88448990206213
0.425983878741574;-0.607392817104813;-0.162621967959615;-0.335888709649916;9.92160076629301
0.424332784430484;-0.61073264433017;-0.167596667185389;-0.332072293075531;9.95791515155141
0.422632489308003;-0.614033014976293;-0.17246201901914;-0.327997658983018;9.99343198323884
0.420884112372048;-0.617291360391745;-0.177212977154693;-0.323667327978152;10.0281503593047
0.41908882454677;-0.620505126751489;-0.181843835150795;-0.319081207333728;10.0620687723257
0.417247851551844;-0.623671761411147;-0.186350548172565;-0.314241860598389;10.0951854966443
0.415362446690344;-0.626788760747274;-0.190730194046206;-0.309154338421608;10.1274994532956
0.413433912460998;-0.629853652519961;-0.194975374790266;-0.303820104128005;10.1590100559326
0.411463633371806;-0.632863977486262;-0.199079382294562;-0.298241205225535;10.189717010472
0.409453036733804;-0.635817305342411;-0.203038995598026;-0.292420615343934;10.2196197768757
0.407403585872698;-0.638711229230623;-0.206850125935882;-0.286360347490901;10.2487173712073
0.405316790966776;-0.641543368912926;-0.210507523910421;-0.280064320736032;10.2770095361209
0.403194214364531;-0.64431139053388;-0.214006504660786;-0.273536696367312;10.3044967447163
0.401037464472471;-0.647012998491104;-0.217341582007107;-0.266782331250889;10.3311807213582
0.398848209855923;-0.649645959053851;-0.220507500721701;-0.259807619466567;10.3570652397769
0.396628158759813;-0.652208091791835;-0.22350076484821;-0.25261670287222;10.3821545788612
0.394379060932232;-0.654697252801379;-0.226316340475506;-0.245213631818464;10.4064536424139
0.392102717935565;-0.657111344699651;-0.228949874812197;-0.23760286297416;10.4299679634744
0.389800962092941;-0.659448307346865;-0.231399031612601;-0.229787689986381;10.4527026813474
0.387475649279697;-0.661706115435351;-0.233661256139939;-0.221772213514628;10.4746631216971
0.38512866160688;-0.663882789190058;-0.235734135948797;-0.213560843010608;10.4958550484624
0.382761903437481;-0.66597638852792;-0.237615315506992;-0.205157416533068;10.5162843305513
0.380377308836653;-0.667985015221004;-0.239301062481704;-0.196566624736213;10.5359575832821
0.377976852769981;-0.669906822458077;-0.240787453617496;-0.187793761816684;10.5548824783001
0.375562541817703;-0.671740015649466;-0.242072143263389;-0.178844036165181;10.5730675721667
0.373136403723474;-0.673482848944465;-0.243152607020251;-0.169721701516355;10.5905215867818
0.370700498497009;-0.675133615772121;-0.24402529643733;-0.160430902431264;10.6072531710685
0.3682569175851;-0.676690658050409;-0.244687830344291;-0.15097705755286;10.6232717498591
0.365807768161476;-0.678152367355034;-0.245139087626485;-0.14136388399032;10.6385862330236
0.363355165131323;-0.679517169380043;-0.245378957927236;-0.131596277769714;10.6532061348844
0.360901219325149;-0.680783552407683;-0.245407855022301;-0.121680037041063;10.6671426267733
0.35844804991662;-0.681950049434099;-0.245222908294897;-0.111619309536096;10.6804069561717
0.355997816510772;-0.683015244847162;-0.244820620949919;-0.101420273344059;10.6930118006394
0.353552693626613;-0.683977792789285;-0.244201180521907;-0.09109038966561;10.7049727747555
0.351114847210985;-0.684836416140762;-0.243365375736426;-0.0806354416773543;10.7163073368419
0.348686441912505;-0.685589885264753;-0.242312878712535;-0.0700597002379722;10.7270334303915
0.346269651402658;-0.686237017602382;-0.241041949729971;-0.0593685543553002;10.737170119414
0.34386666938036;-0.686776686883977;-0.239551123636164;-0.0485670976895572;10.7467371549989
0.341479697684333;-0.687207810584413;-0.237839567817746;-0.0376595757390077;10.7557541348078
0.339110946735957;-0.687529345382076;-0.235907098084476;-0.0266488151218643;10.7642391921163
0.336762624811213;-0.687740269596749;-0.233753409873876;-0.0155375329893333;10.7722087218405
0.334436949013316;-0.687839604472562;-0.231377909469119;-0.00433139348943881;10.7796799189866
0.332136133557405;-0.687826426759331;-0.228781386134299;0.0069654224854043;10.7866697114706
0.329862390598757;-0.687699850119186;-0.225962815379382;0.0183475152409476;10.793195278184
0.327617953302128;-0.687459063677981;-0.222919780344671;0.0298070645870282;10.7992755673005
0.325405070266878;-0.687103321054548;-0.219651959736345;0.0413388378860448;10.8049291003481
0.323225987640345;-0.6866319217542;-0.216159265364968;0.0529383896461908;10.8101730447572
0.321082957989312;-0.686044210232128;-0.212441216930533;0.064601488625858;10.8150225871017
0.318978230529637;-0.685339569645935;-0.208498919713101;0.0763244456442233;10.8194908198194
0.316914039376951;-0.684517421063516;-0.204333990697802;0.0881031651600318;10.8235893632645
0.314892602514096;-0.68357723446205;-0.19994820921969;0.0999316280846506;10.827330457361
0.312916118845878;-0.682518543236599;-0.195343326392161;0.11180426595614;10.8307265784582
0.310986765967179;-0.681340928876705;-0.190522687909096;0.123715934202579;10.8337909237167
0.309106676825604;-0.680044031708292;-0.185490952674993;0.135660600200298;10.8365393755616
0.307277948739569;-0.678627544009804;-0.180250170759453;0.14763419790506;10.8389875178007
0.305502664660657;-0.677091187585124;-0.174802552104568;0.159634800685698;10.8411485647448
0.303782872701506;-0.675434700572536;-0.16915204846838;0.171660448097382;10.8430345387226
0.302120585461975;-0.673657843775704;-0.163301737207627;0.183709079028107;10.8446562501886
0.300517790951166;-0.671760395122201;-0.157253376820005;0.195779013356439;10.8460223297975
0.298976458804908;-0.669742155147156;-0.151009758570964;0.207867207108816;10.8471413724001
0.297498525698886;-0.667602964976623;-0.144573300578514;0.219968459329417;10.8480241585298
0.296085918297912;-0.665342721765415;-0.137944341410417;0.232077626417661;10.848682254505
0.294740560658968;-0.66296136502592;-0.131122900238419;0.244191127841538;10.8491258134977
0.293464374065419;-0.660458868380088;-0.124110244492288;0.256305551795471;10.8493639041531
0.292259262743607;-0.657835246838225;-0.116907244894932;0.268415400779835;10.8494062487332
0.291127127095712;-0.655090569994411;-0.109515340042015;0.280517288055977;10.8492611087908
0.290069835766182;-0.652224920179532;-0.101938664021086;0.292610068958238;10.8489347874711
0.289089221871912;-0.649238409475827;-0.0941795064813862;0.30468881025668;10.848434567388
0.288187102137416;-0.646131208743829;-0.0862400035891659;0.316747894988753;10.8477692327125
0.287365258830682;-0.642903530798262;-0.0781245488895358;0.328784516419897;10.8469477488407
0.2866254354099;-0.639555600991202;-0.069835511229227;0.340799067786413;10.8459745324629
0.285969360125611;-0.63608764119774;-0.0613753511914413;0.352790253390133;10.8448513663966
0.285398722447696;-0.632499904422788;-0.0527479905932715;0.364754524926075;10.8435810457431
0.284915182312337;-0.628792671202554;-0.0439556825037221;0.376689632669449;10.8421647971914
0.284520378439262;-0.624966240981505;-0.0350007677602171;0.388594331852289;10.840601256665
0.284215918507043;-0.621020929597687;-0.0258873471012454;0.400465270586108;10.838890248793
0.284003362202896;-0.616957102631023;-0.0166202981653673;0.412297102723564;10.8370357992406
0.283884224500582;-0.6127751702595;-0.00720373191850573;0.424086181965777;10.8350438984882
0.283859979069268;-0.608475572390894;0.00235781083813661;0.435830231457294;10.8329215948343
0.28393204842232;-0.604058766133616;0.0120588218620703;0.447527922558455;10.8306771381999
0.284101804054819;-0.599525217331424;0.0218951981260664;0.459179012908638;10.8283179532216
0.284370585288687;-0.594875393042701;0.0318638664030966;0.470782926464259;10.8258502324786
0.284739698869845;-0.590109774676589;0.0419618111488497;0.482337603459475;10.8232804514784
0.285210424319666;-0.585228869541543;0.0521862848600663;0.493839766432388;10.8206163091386
0.285784005656497;-0.580233216931723;0.0625325209298769;0.505287227455251;10.8178674039774
0.286461632471547;-0.575123365160832;0.0729953194108789;0.51667960039926;10.8150439920913
0.287244454510845;-0.569899869251978;0.0835719044458142;0.528015898281539;10.8121554987878
0.288133596447636;-0.564563298810116;0.0942591252968262;0.539294225682263;10.8092117098619
0.289130138248383;-0.559114244503325;0.105051460562303;0.550512423331885;10.8062253391709
0.290235095645237;-0.553553312683204;0.11594148329301;0.561669837852293;10.8032126824629
0.291449409684835;-0.547881107150783;0.126922706221085;0.57276719463028;10.8001918282985
0.292773974900447;-0.542098222665006;0.137992106173999;0.583805804080909;10.7971789411763
0.294209660639104;-0.536205238761465;0.149146728648978;0.594787222366359;10.7941879136553
0.295757302959617;-0.530202720557488;0.160383858987775;0.6057128135343;10.7912302963132
0.297417709272434;-0.524091218548848;0.171698731894397;0.616584288080799;10.7883170898433
0.299191618815842;-0.51787125768318;0.1830840677093;0.627405350328002;10.7854597495463
0.301079710152201;-0.511543320105823;0.194535034840242;0.638179821331378;10.7826682466517
0.303082621990958;-0.505107864426204;0.206048083201896;0.648908764685291;10.7799528717734
0.305200962100556;-0.49856534777073;0.21762111453321;0.65959164629779;10.7773243464699
0.307435321102896;-0.49191622802464;0.229251703427313;0.670229834547607;10.7747920989793
0.309786253845099;-0.485160938065232;0.240935696661246;0.680825676797152;10.7723651504455
0.31225427841513;-0.47829989249334;0.252670337954736;0.691381293393775;10.7700510790488
0.314839886877522;-0.471333481940477;0.264451978045632;0.70189861474658;10.7678572631134
0.317543525935836;-0.464262081368024;0.276276564200576;0.712379621717684;10.7657914760581
0.320365613037494;-0.457086036150532;0.28814157393018;0.722828004459536;10.763858783371
0.323306537925883;-0.449805655535909;0.3000439943353;0.733246857777837;10.7620628329856
0.326366657244922;-0.442421223673971;0.31198018130565;0.743638426708294;10.7604076054424
0.329546291838174;-0.434932994075202;0.32394709065976;0.754007292669018;10.7588947443511
0.332845739591866;-0.427341170106437;0.335942827744743;0.764357184650968;10.7575234344948
0.336265282065646;-0.419645938560003;0.347966260283975;0.774688672351544;10.7562927592322
0.339805192983705;-0.411847474973232;0.360016680128741;0.785004096934745;10.7551993938969
0.343465736406227;-0.403945925098696;0.37209272738624;0.795305892381727;10.7542381982233
0.347247162837275;-0.395941421929233;0.384193575763674;0.805594697495197;10.7534034041381
0.35114971767615;-0.387834089138526;0.39631835559524;0.815872153789825;10.7526875977671
0.355173633104665;-0.379624029905653;0.408465831050725;0.826140012650209;10.7520820078409
0.359319134726226;-0.371311333283783;0.42063586811393;0.836399986221814;10.75157534529
0.363586445750083;-0.36289606945769;0.432827540355367;0.846653442998671;10.7511549621531
0.367975771356286;-0.354378303682183;0.44503856879015;0.856900273872013;10.7508098402547
0.372487295202938;-0.345758105946835;0.457267189012675;0.867139488811787;10.7505309741222
0.37712119188843;-0.337035554612183;0.469513597769021;0.877371248595619;10.7503080319679
0.381877640579667;-0.328210717663308;0.481777372787148;0.887596655180082;10.7501289815063
0.386756801697543;-0.31928365358959;0.494055709916653;0.897817073545094;10.7499825346258
0.391758807663484;-0.310254407321955;0.506346217289917;0.908032694163403;10.7498591092948
0.396883775577979;-0.301123036506714;0.518648318989879;0.918241646550392;10.7497509074064
0.402131819106849;-0.291889617600439;0.530961159868605;0.92844185925907;10.7496522516749
0.407503031653113;-0.282554242822616;0.543281631594678;0.938633104210391;10.7495602502195
0.412997467083177;-0.27311698949038;0.555605016620959;0.948817985216632;10.7494741768276
0.418615131137283;-0.263577906496147;0.567926897007231;0.958999235590192;10.7493956116506
0.424355999324741;-0.253937023004962;0.580246161563794;0.969177768013071;10.7493269643916
0.430220050830995;-0.244194368064178;0.592563776236425;0.979353338356377;10.7492702535835
0.436207269173716;-0.234349969104537;0.604879425653939;0.989526656208104;10.7492274090057
0.442317632322915;-0.224403836085298;0.617192997746605;0.999700784404035;10.7491977796099
0.448551119711964;-0.214355943765148;0.629503932996766;1.0098786051545;10.749178936472
0.45490769847646;-0.204206251432562;0.641811333431972;1.02006068278291;10.749169458141
0.461387338148552;-0.193954715746579;0.654116467983358;1.03024724234028;10.7491668935997
0.46799002677128;-0.183601291636363;0.666421434713091;1.04043826611536;10.7491668935997
