-0.0224907763195995;-0.235404257755109;1;0;0
0.0284967385942366;-0.118525855043274;1.00731684706155;0.0148033615022012;-7.40094065703489e-05
0.0957685140731281;-0.133500489115425;1.02749011838862;0.0117090664678261;-3.98923086525079e-05
-0.0124551632729811;0.0496939906646106;0.962341251818986;0.0913552437876111;-0.0014248596277571
0.120285961464674;0.136252755855053;1.07724036634456;0.155282948634138;-0.0029593443145479
0.0592754693493893;0.21702879539283;0.996491951647803;0.218967857486558;-0.00504421391100393
0.0696588408063161;0.245896986834915;1.00035278110128;0.248634025898308;-0.00621917811844135
0.124364945453732;0.234806700342409;1.08533007089662;0.237815199956977;-0.00546155621101687
0.0709574129142389;0.210444741983824;0.929817818356979;0.182746704464862;-0.00298701865172875
0.115046016193209;0.304596186701845;1.04740157115826;0.35607447624918;-0.0137531167090296
0.0976904318135963;0.257051690131714;0.946847036661129;0.246109782517175;-0.00620540023927515
0.204574210821089;0.257247979293033;1.27726704568026;0.274510286844837;-0.00526087812786415
0.143614056361269;0.250228917979283;1.00119749786626;0.223545828056074;-0.00383651325475862
0.174944446158926;0.158721682347434;1.04783668044706;-0.00537630677097031;0.0216300441050051
0.206441790113101;0.0724363125978386;1.09872780848651;-0.228085974629411;0.0492862135582855
0.279465683923414;0.120123441070538;1.38886978306681;-0.0599851420289187;0.0321769479082142
0.319526216888934;0.26074280133568;1.56844030519086;0.367453525660148;-0.0277878876608486
0.317631964021503;0.325307867048062;1.51571428460087;0.546171970016257;-0.058143288662172
0.354163714784137;0.269268956202728;1.58667985861704;0.362485084738365;-0.0229437961828592
0.366873740671204;0.226833621214001;1.5525083844598;0.211917381085614;0.00676144971987057
0.372954312699523;0.188834453709416;1.49240971166573;0.0744304343255971;0.0358847594949149
0.4272677340373;0.169748794887711;1.66561716080187;0.0239317554290113;0.0529188743235113
0.399575174745409;0.245192634332105;1.49215997602984;0.263121413656179;-0.016971118405528
0.433417238887339;0.278551884091023;1.58874766496852;0.378351822917638;-0.0482831593924371
0.348153207492975;0.215259258505342;1.11471732211892;0.101850025305348;0.0271358031354044
0.380818947922168;0.216270493761529;1.20932585225985;0.109773191454558;0.0272719327171271
0.361610669342833;0.197459412197937;1.06795397111269;0.0264456204210743;0.0544424001819786
0.386533410798489;0.189260138695086;1.12613534999779;0.000380795165866119;0.0669223513432198
0.441710067032636;0.161584187537578;1.30213325717113;-0.0856996113889626;0.110577890085539
0.511233684070303;0.103116349866995;1.51892480694597;-0.278146126309625;0.208087359169894
0.545404531531143;0.161832498163213;1.61007922278212;-0.0511044968533188;0.0933292733529646
0.560334498711751;0.168095359072099;1.60702125896823;-0.0280908476728172;0.0799410126526272
0.517483016447876;0.134791360338037;1.37210397111795;-0.167932637331869;0.157209149446544
0.531750953880792;0.114703443036968;1.369975573078;-0.238036481052069;0.199327370239073
0.573379620482946;0.0434862188321389;1.45858960892641;-0.48918543623511;0.362964745166528
0.617072169985932;0.0412793496536432;1.56315530616715;-0.476934207911114;0.348600742024731
0.600466118406981;0.111656926960536;1.46392889383118;-0.20749525774388;0.147631623827557
0.667937722304108;0.0685298707723195;1.63871064711104;-0.35201449469589;0.25038722963271
0.661126027060601;0.0619358411184735;1.55783462925034;-0.373586724292103;0.270779882229809
0.621534800509052;0.113574331489192;1.38495279362996;-0.178082133815596;0.112197754777856
0.605726857926537;0.0773586937152455;1.27932810808304;-0.321271699513568;0.254824990414399
0.587167236031557;-0.0118274638368332;1.15688226582027;-0.669582138841104;0.605056697316871
0.500320025293184;0.0729820888692186;0.866281411858053;-0.34185757133613;0.314848844799058
0.457641989550651;0.00421576514309231;0.686626801490946;-0.616519746684707;0.636857526184602
0.434920543459929;-0.0135192476818368;0.588395161327323;-0.674383522272292;0.717406589536702
0.472641797811102;-0.0177927680383469;0.680541459967209;-0.660331976637865;0.670359264025112
0.456987291066693;-0.0596722980991;0.594811893988918;-0.809488741728866;0.865907458200321
0.460070979731746;0.0384058743253711;0.629533365342993;-0.399626327351078;0.349064299327479
0.468256056335279;0.0493037361332883;0.640907853302281;-0.343143822648501;0.270987958523013
0.446267239313278;0.0838494943468142;0.577863131332812;-0.206043801232784;0.122425788943904
0.455484771622094;0.0641220994706722;0.578491179944539;-0.273860804875062;0.209492776025017
0.495822651518048;0.106025019459946;0.69647581945044;-0.0915498488336476;-0.0990482411726146
0.498327389506793;0.085561508605052;0.674788686943193;-0.167299429624064;0.0175264291846918
0.485484716347537;0.142677020919111;0.650226088348013;0.0483059478347254;-0.266433691804938
0.483046719389761;0.14087622893211;0.625286366812361;0.0375056802809475;-0.232571932310307
0.484686616940403;0.0746614702277569;0.58455994240817;-0.213553501525129;0.160056852510488
0.461948291943499;0.111725099418043;0.527344238285993;-0.0816046203389823;0.00541535605304738
0.452678380874129;0.126780359238198;0.497014499225391;-0.0299334712973005;-0.0492975204953411
0.443481901224638;0.0903481476604091;0.446618792223471;-0.169340968408786;0.202807814945368
0.430149545205312;0.0391664622303921;0.38161012779136;-0.358981924633344;0.547616029395536
0.481961561405735;0.0241812514235311;0.492630404414396;-0.377855631328694;0.47764157958505
0.441218522000437;-0.0111618134025201;0.364754371709345;-0.515429518116151;0.804164643192947
0.42846966687638;0.0569120997842899;0.358345291242027;-0.269294740835777;0.409165249438509
0.446210941547577;0.0874834561922289;0.40877255748842;-0.14820828148784;0.160779259692614
0.487182058716684;0.132354250409506;0.520527720653365;0.0291785809428391;-0.244960683443969
0.489347335648661;0.114018399699206;0.504060577844163;-0.0346415982954252;-0.11984393635087
0.516480124871273;0.124308766272058;0.560364599444654;0.0141061230422792;-0.262311164045097
0.525186501102615;0.0757944095460278;0.545230221672526;-0.145880785609495;0.0289432167076829
0.497406508007218;0.0865770995452808;0.475629874959324;-0.124842085793966;0.0729190146501673
0.513517029549384;0.12977475343813;0.520877479611336;0.028367474899742;-0.247417875189577
0.53808936816634;0.127740502702926;0.562503391275445;0.0339662396768863;-0.305448272682101
0.569746384663928;0.0988227577904353;0.607206817133471;-0.043185472178095;-0.219493215116299
0.610755337753703;0.0681973924493542;0.67059364413613;-0.117033442459682;-0.162100950111311
0.6577299336779;0.0627386288765686;0.754596456644703;-0.102843352741898;-0.291278939875518
0.665502530087272;0.0388420084113425;0.747014119244266;-0.17440259053941;-0.144992470774494
0.690191302102427;0.0273864089908171;0.779494545419772;-0.192442017233358;-0.150116890315666
0.676881420944133;0.00519534751333412;0.729058686765607;-0.272147161672621;0.0665190733567693
0.716279059709419;-0.0539351782226838;0.773473858804432;-0.430884428898901;0.309896643697752
0.728076836234607;-0.126280915057741;0.753099668349004;-0.649953326398735;0.74683816719645
0.701851525587227;-0.0898959421851191;0.698984902821048;-0.54236198251425;0.596012983987206
0.702958161650008;-0.0970087777451791;0.682881670554645;-0.556354051631334;0.631774210657065
0.698363950423463;-0.130277364852741;0.640643728476687;-0.658658931643363;0.870440744951123
0.718560445712655;-0.15345925668558;0.653267455991761;-0.706963335495642;0.925769246575759
0.741424874890372;-0.189346335928133;0.661238133374226;-0.792873248283896;1.05509296884742
0.75162757101953;-0.217728525263033;0.645115427868365;-0.862427919168038;1.18286537645191
0.725212082570847;-0.257078691006364;0.539126644291301;-0.99339823932946;1.55494613051824
0.705089778077132;-0.228502024790284;0.50417074466664;-0.898975193368267;1.40225495912645
0.708562525283399;-0.264521877195222;0.460654675123276;-0.991954491271396;1.60359377442227
0.753763176957676;-0.25355421953008;0.560410744683641;-0.903331691974687;1.24125610903387
0.740015199353302;-0.276015171964996;0.488512653237315;-0.966313373867399;1.44193067966945
0.744033174429747;-0.309167635553068;0.442966588331484;-1.0453718950821;1.61416597624748
0.726476286000965;-0.356893116981044;0.322331347514148;-1.18104047678601;2.00714363717973
0.713006634908998;-0.314855482004898;0.33480794490635;-1.04087936478666;1.72885437596052
0.723943846430676;-0.28708570414137;0.394817483113285;-0.930531919870867;1.4146919732385
0.683124708758092;-0.299220214941041;0.258133379163342;-0.976677057565958;1.72849717414898
0.703427797097174;-0.29495487043033;0.312825587847446;-0.929329078796571;1.51255210434937
0.701475550491494;-0.261682512764087;0.355466479309738;-0.821899645332637;1.26905005130831
0.714666630410547;-0.292314378614832;0.335217394588045;-0.87913282776973;1.34113243617877
0.717153395793334;-0.3273502944598;0.276447807548454;-0.952439248984949;1.50992107011074
0.695737570419756;-0.353176635453456;0.161277772403012;-1.01425017234974;1.79453682114548
0.678061341841056;-0.397887671995244;0.0232482324248313;-1.11464291225588;2.14767226184124
0.651025977002577;-0.448952364762638;-0.158142184090927;-1.22578395706239;2.59132857031305
0.627244996560433;-0.465139213739227;-0.269569749058576;-1.24106386664371;2.79640772067598
0.590402220177952;-0.492816111772916;-0.447676441163612;-1.2791611000569;3.16394997908041
0.615152313912177;-0.464892958896329;-0.309537171630403;-1.17394229937039;2.71557479118227
0.656122923373121;-0.419410906195481;-0.0768807206210317;-1.04788753785264;2.07179526196668
0.658448549120291;-0.457584574332385;-0.136359802637271;-1.09812758255952;2.15129005357027
0.658309110170147;-0.473311601687135;-0.163176611463332;-1.10363691585144;2.15555982014242
0.661954331144588;-0.494666376094687;-0.183530918458767;-1.11864741762039;2.13654041736029
0.645266134941026;-0.480245153990488;-0.223916018115351;-1.06793516354754;2.20947882322218
0.673967322756768;-0.492169023394552;-0.125158784060107;-1.07423007657724;1.90897378618394
0.686747373067068;-0.495636551099521;-0.0775925179940027;-1.06528194167761;1.7560712534609
0.654253283715174;-0.520331342296388;-0.245808800460207;-1.07204673853253;2.09050953379009
0.645728380373012;-0.484100543075945;-0.232730320354723;-0.990823906932285;2.10278580909563
0.66257044370862;-0.459076285513901;-0.131016222510081;-0.944512611649712;1.88907001066249
0.68168254834791;-0.495411463943834;-0.09167425258036;-0.996599645251433;1.68806637389418
0.722212289084506;-0.459591989991794;0.113248084544535;-0.957352509072873;1.28189587181135
0.678568526534123;-0.523398424207101;-0.137742294490263;-1.00560638992302;1.69635776363262
0.698156769360507;-0.528965903850237;-0.0613474529968135;-1.01366234949815;1.49147338499879
0.676387435067923;-0.52846750751413;-0.159176248029724;-0.978866616270266;1.71302787852423
0.590973071312869;-0.541570609418035;-0.535740810005974;-0.90484592868115;2.5268394354569
0.620651571712391;-0.530059912817542;-0.398195623590678;-0.896789919975974;2.22553068354532
0.629010259767307;-0.539697041695208;-0.3658484831065;-0.902734337067199;2.10472481071621
0.562636298244947;-0.549889492478556;-0.647815205510212;-0.821480915057416;2.69457430571344
0.599554712676131;-0.579806024948668;-0.495822915102289;-0.894787482895983;2.22604545695843
0.617809671178311;-0.553463691985141;-0.412262505179207;-0.861420925737081;2.12243029212899
0.556319130078482;-0.572067079391092;-0.664494236744638;-0.783803976654353;2.60722341870125
0.592560491441242;-0.574489323669533;-0.512374451093152;-0.82553139298789;2.24379272730849
0.551099607344428;-0.597919294068433;-0.673727089722707;-0.77932929475124;2.49976601199001
0.516879240787329;-0.597930021847032;-0.799681664838346;-0.701411627935318;2.76850334853539
0.530003029136844;-0.61087776382514;-0.737528174159222;-0.728794704659793;2.56188735554213
0.489458018184652;-0.57988520014177;-0.885647195158412;-0.576093366837474;3.02190136632597
0.439990232990271;-0.581587393385576;-1.05013217000022;-0.459544002675622;3.36851660976531
0.406234590176218;-0.587768686377598;-1.14570809711961;-0.377797387350428;3.54070762840584
0.377744859878991;-0.586641128222677;-1.21668066034122;-0.288825977591722;3.69750651049628
0.392473831520979;-0.644886137524317;-1.12588407524915;-0.430269370759589;3.15738060800166
0.389927022969471;-0.630911131831737;-1.11638570799531;-0.374036403729962;3.21148529846576
0.297147190187644;-0.631198533519921;-1.37188958329191;-0.124969509274382;3.79556038988007
0.262504447653383;-0.639313362114137;-1.43303516737465;-0.0368355834610505;3.88302611935076
0.301990031646825;-0.668859177698445;-1.28446168593558;-0.205327080727966;3.32411115197606
0.308857873982524;-0.65888166986182;-1.24249506605244;-0.182067766006451;3.29794681284172
0.321371729990951;-0.6903797773422;-1.1841200805126;-0.298857856221346;2.9146510232494
0.289385604277882;-0.69596786710784;-1.23811394881586;-0.218401976392266;2.99771939838898
0.291383607655433;-0.678064073059137;-1.21404984274564;-0.154765590096839;3.0999474059586
0.232896327373513;-0.639703907996585;-1.31466692567318;0.142197283148116;3.66747639985644
0.193949752066853;-0.607687456803298;-1.35579287926274;0.366430086691936;4.05513974202397
0.215459770578708;-0.646417585848492;-1.28729472168101;0.172282627636046;3.51993941289475
0.20172995553225;-0.658848549305494;-1.28692851302741;0.164968640098711;3.38384693458866
0.244330888416537;-0.686276446749903;-1.20678725642565;-0.0446064429261255;2.93384682631332
0.243462170973052;-0.733521904813723;-1.21605656489935;-0.225409674601061;2.4354869726726
0.240962726830363;-0.754695526110726;-1.21819450271145;-0.296702661208952;2.22224348389993
0.214123252539981;-0.740310950018162;-1.23464752947558;-0.164916235176051;2.42231740856772
0.20210936231417;-0.757636292937079;-1.24820581674336;-0.203678627580743;2.25884451374461
0.156288844930578;-0.753900674231679;-1.29280966773897;-0.0849783778331113;2.34515854280684
0.156716706634971;-0.779311675830713;-1.29579875934257;-0.189156723249667;2.08317469708556
0.164631265303563;-0.815328966962998;-1.30000174422001;-0.352690571507666;1.72671055990902
0.166232730949297;-0.800475675457685;-1.27328304690801;-0.271260620041219;1.91751088092896
0.159449365726318;-0.777678173767947;-1.25047803255712;-0.139679292334742;2.18010657337791
0.127247296806858;-0.760769809861389;-1.26143517809698;-0.000478274480956956;2.34930142737299
0.107508073886522;-0.760817188129178;-1.26967663474969;0.0377954332728854;2.34002544263747
0.125267909150568;-0.759039149778374;-1.23184191867695;0.0355114942241453;2.39140542411425
0.157879960173894;-0.810214182544297;-1.23302142901275;-0.226104886066314;1.950633349175
0.152534686934041;-0.893525815526376;-1.31528361285744;-0.585448054136129;1.17373944312855
0.158447319696588;-0.938798400378527;-1.340335753961;-0.771594947866859;0.831329682175897
0.15419245463481;-0.944735371796792;-1.33492779740633;-0.760349762114316;0.866408549829713
0.162987315116316;-0.968796943958427;-1.33108811799134;-0.843005054044085;0.759963283687697
0.160916349766011;-0.988749437106271;-1.33402309952893;-0.894747444436666;0.678404638839891
0.159579143209882;-0.961837263648043;-1.30378591813654;-0.726798027925785;1.02990453771461
0.140428818952468;-0.932977408600864;-1.29596962383656;-0.542235067224293;1.3390790268093
0.148543087039481;-0.986741477601541;-1.30904174031422;-0.76089952550524;0.957226261218752
0.149449009191166;-0.996072051646981;-1.30292951999246;-0.763924123255379;0.971244292240688
0.170004947838849;-0.997101598828576;-1.27362693952601;-0.737766962649326;1.09558598138144
0.153930811812272;-0.968259121724679;-1.27055479878158;-0.556119191549933;1.39763068825386
0.114258659225085;-0.936615881312386;-1.29084569620878;-0.355677760741134;1.66317475541298
0.102145733255546;-0.880980842268716;-1.27298292786409;-0.06490821798631;2.15892329080304
0.0917888998388185;-0.928194223072164;-1.29228707529128;-0.250853017613831;1.77500393564272
0.0705691399242631;-0.906371252083979;-1.29358757998451;-0.11414306903588;1.9629860458677
0.0426267848866221;-0.952823590337027;-1.33306936730016;-0.286667450981893;1.57275790736738
0.0363036946253541;-0.893961596792375;-1.29941232940639;0.00873481525516329;2.08128162730475
0.0244245511167564;-0.884759552838589;-1.29286086552285;0.0755845162609741;2.15494095222729
0.00253366857546435;-0.87915752650746;-1.29696204242408;0.129167999375221;2.18467686777878
-0.00338499124246984;-0.895040208057296;-1.29852744443594;0.0763699789040711;2.05183184168371
-0.00750246348533677;-0.877645234604476;-1.27592627521031;0.171766977889428;2.18979568243736
-0.00211666578404438;-0.846025424989821;-1.23045505166533;0.321993882989199;2.43822637643278
0.000158244706162018;-0.760996337785576;-1.13680914296579;0.704932467046148;3.09357841330439
-0.0154488860312864;-0.78526082613183;-1.15052281914092;0.604071449779746;2.84251209250801
-0.00840068845251886;-0.828230745980773;-1.17010354413889;0.412048395185841;2.4672469019331
-0.0216301853113348;-0.837138845744273;-1.17703216658906;0.384677828037495;2.36298142372952
-0.0307186347142115;-0.783103722381131;-1.10097446190678;0.626170522298681;2.75572215112502
-0.0419511485196805;-0.762115995810646;-1.06340969432959;0.718550995154467;2.86889807373403
-0.0462648319291065;-0.781125602835525;-1.07576638061739;0.634460058047183;2.67019773985539
-0.0543444593773649;-0.771665789910367;-1.05113031660967;0.674110900055238;2.69574679926559
-0.0670139334990141;-0.72145309606571;-0.961492954117143;0.882259711098889;3.0257989389877
-0.0898515687430487;-0.773263319065508;-1.05825425776169;0.669169189820477;2.54434429829791
-0.0961004478048022;-0.774581996256718;-1.05192040915851;0.661418044137268;2.48900779994442
-0.0995843246369516;-0.782265131607932;-1.05619361597963;0.627524683995416;2.39232670234004
-0.102333349430048;-0.81431284523297;-1.11080326514626;0.498863787708805;2.12024788588958
-0.119397688215678;-0.87679878902354;-1.24739697018683;0.26000990489238;1.60749731566735
-0.118889861302236;-0.919958482755869;-1.32381329309301;0.0992252344139068;1.30140624879704
-0.140385129420913;-0.868981024859226;-1.22900310770154;0.311431365917524;1.64366637817997
-0.184184376205498;-0.845919181242841;-1.22013663933606;0.410917275995314;1.70300701489515
-0.154339836300815;-0.751435501063965;-0.97290206015946;0.778052738959985;2.46855531741387
-0.175843829181601;-0.759326684801226;-1.00248353343527;0.741820523919271;2.32100297525889
-0.194309693311643;-0.787712737385882;-1.07592620131296;0.629833065805783;2.04076115664767
-0.206026266560485;-0.791705213854083;-1.08773966910811;0.612962462733597;1.96463671992557
-0.208333423281983;-0.736972361638383;-0.952548124099141;0.813571909653205;2.32995937451853
-0.223622559334537;-0.705961984629911;-0.888161612813906;0.917030640887585;2.46494112389039
-0.190771332845538;-0.624810452078938;-0.630286116634356;1.20227822197293;3.10900642881528
-0.212602221218016;-0.655564986890986;-0.724725840931808;1.06987245905784;2.76044709870291
-0.23094116866042;-0.654579202158385;-0.738534768007544;1.05379403147048;2.6489705273222
-0.25362835248263;-0.665984345146596;-0.794873956694164;0.996600940026152;2.43913467138087
-0.250996138600283;-0.651135696976415;-0.738816982226405;1.03416357438631;2.51812468570606
-0.260703037474249;-0.643468163901797;-0.7246491214724;1.04300643006748;2.48917296742575
-0.279672719333331;-0.657188570325281;-0.788325385119926;0.983021102419783;2.2843201003415
-0.240428552805675;-0.612343997431235;-0.572551182400675;1.1225856129329;2.74080820041591
-0.256452777355752;-0.599397001124906;-0.559604406024535;1.13820397204704;2.68998421219033
-0.235674873952254;-0.525273791159739;-0.293713253675415;1.33575175367475;3.17812983429101
-0.244888005026658;-0.557254828058965;-0.39505108032475;1.22337814958955;2.90907308788235
-0.21440620272662;-0.519017596219034;-0.199331687970347;1.31269711736122;3.2573378289184
-0.207980011215163;-0.499450373427027;-0.116469340651836;1.33660079969746;3.34219024978256
-0.161950239957276;-0.401116339781446;0.299587322832111;1.5430597857959;4.02884620412813
-0.161315284824165;-0.372566851356273;0.390560618030951;1.55611848296921;4.05819102878116
-0.102424738366023;-0.276630370075385;0.848847101099034;1.69574905339253;4.75330737381469
-0.12904009977351;-0.295911010962295;0.711495040159981;1.59560976625027;4.36040008514202
-0.151987062778032;-0.285859465949881;0.657771671551119;1.56234846684404;4.08670803173898
-0.185405310423988;-0.304813649237152;0.484354842599063;1.50319840976897;3.66819222846662
-0.193311612836651;-0.311848396482107;0.4363109663456;1.46299785247344;3.52392005239126
-0.170848662738513;-0.305023338441277;0.543154663299604;1.42337819422078;3.69210360215387
-0.160060094495864;-0.280750088656129;0.637303097315138;1.40992668100366;3.73997030942802
-0.17479061028251;-0.274386209038669;0.582732573971472;1.40033294340277;3.53103021972194
-0.127729695731899;-0.237876428844237;0.851622253878878;1.351554825585;3.91680476043211
-0.120901900743681;-0.222913331021933;0.897328950008536;1.32213197010086;3.89295449807873
-0.0829444934108245;-0.198443452903168;1.09455815526963;1.24926526677821;4.16070749284111
-0.00132192976962203;-0.179661183469543;1.47862081820499;1.06798784443198;4.8745914811839
0.0595798650482517;-0.177706703544898;1.73259747559651;0.875273813794005;5.38608209970624
0.052610043803999;-0.164206757538453;1.67049071196726;0.854809155575334;5.10905706717974
0.0265050857221587;-0.179052386607443;1.51023603427611;0.858566697523474;4.79489929638046
0.0217510578545897;-0.177072334353832;1.46151732298501;0.838610736557612;4.63298527796564
0.00354727794483578;-0.173320978290512;1.36155502517738;0.875048611390945;4.34318044741439
0.0109863247021431;-0.168012297943651;1.3723088118567;0.830992517113003;4.30577417948996
0.0596622237093691;-0.159753443108115;1.53945306753013;0.642007520161442;4.61359105609767
0.0429469991754787;-0.16763752583439;1.44940539813903;0.657843912774988;4.44717724179167
0.0473916067340402;-0.170643578255177;1.44166953891039;0.606611329622837;4.43969267838551
0.146653034398749;-0.185698135146612;1.73937336395396;0.141541058863321;5.25541089357665
0.121069659732314;-0.177528665117229;1.61784590825854;0.247584250130958;4.88854499748169
0.155645131773669;-0.142677438945904;1.68507870469693;0.205618717706793;4.71939089125919
0.183542905969353;-0.175226722652336;1.71052752963112;-0.0420452953622423;5.09493898352489
0.1899536395285;-0.15980772206412;1.68876410434121;-0.024607406890218;4.88657287643777
0.240458115332144;-0.179850024635911;1.74429637094616;-0.316720900026791;5.23325861830309
0.22244157959726;-0.176241063022935;1.66528804120756;-0.240620350280655;5.011109358269
0.206017402957491;-0.142485412141775;1.62982759810723;-0.0448062150035703;4.53806890374374
0.238202536976372;-0.138641005473338;1.65526070686459;-0.156237267276224;4.54370509299619
0.299161465101451;-0.17854685471124;1.66235190043746;-0.5544979503839;5.02363822362639
0.284751397611155;-0.193513221362057;1.58056037196913;-0.575478892034822;5.04906201834995
0.301628358589475;-0.150762602111901;1.63146982097899;-0.434748518310101;4.58121747709348
0.33640332829117;-0.170466816216846;1.60260726838536;-0.633054254932437;4.7389880074571
0.324423981287788;-0.144455177298872;1.60846922796367;-0.479472894930463;4.42342886290784
0.332766141383523;-0.181870541910119;1.50715090450243;-0.681255562262189;4.72908815081424
0.341073447420931;-0.187729259744227;1.4697937194651;-0.730208264506989;4.72337684166755
0.371644047775458;-0.217855740385767;1.39200818329541;-0.936833212493267;4.90342000368907
0.348343894588819;-0.14827982059313;1.52603983162566;-0.571442390105956;4.27269816194264
0.381223234027511;-0.219971279255903;1.32891200081686;-0.962560651749426;4.79945456261023
0.397130082790298;-0.253898371683993;1.2106667139067;-1.13540235311197;4.99471491007682
0.414086600137928;-0.307069169068826;1.02359227982532;-1.3794637374067;5.31944610168489
0.422194983854538;-0.321575339666471;0.944851266380184;-1.43165906807929;5.33034539851373
0.435146041951639;-0.310011982415111;0.96792068387212;-1.38090757925026;5.11034954079928
0.452677895626295;-0.357670265720228;0.783081261314947;-1.56305558811335;5.3172356005141
0.463352256648562;-0.313498091695849;0.939254953421519;-1.39087952458984;4.87398642810164
0.464508864570528;-0.309526385785794;0.92665782000637;-1.36791536376648;4.8002988561009
0.440752607882228;-0.302064274640516;0.874268216575119;-1.32175110170484;4.87764236117133
0.427727563223463;-0.241444771527149;1.05964759698413;-1.12725739357405;4.58536372867988
0.425289268080856;-0.250115866300296;0.985694122252679;-1.16042317569395;4.66246979637247
0.42271975542014;-0.193705887192898;1.17415645744176;-1.01718126780107;4.40521030992
0.487953556591414;-0.170121398966623;1.41966915879833;-1.00139723335629;3.82251828147984
0.500003521325448;-0.16812305788526;1.42281533845151;-1.02484323163552;3.78563575310969
0.478026462911281;-0.210350633399325;1.14670135604733;-1.14351121163808;4.20754799389708
0.473099266847031;-0.217784299075602;1.0604474250646;-1.17902448476582;4.32888456624243
0.467501988981014;-0.202946126490047;1.05365449904964;-1.16782443239765;4.38093689121236
0.462504536388251;-0.231467447931153;0.887280510411566;-1.24121351619315;4.5588696224108
0.442860369748565;-0.290677635103397;0.561911125859683;-1.3542575886329;4.91720187150639
0.405541101060134;-0.33805604754532;0.218598979247716;-1.42073200158871;5.35928889548777
0.410675149066735;-0.362852655021687;0.119424054343699;-1.44600411777817;5.34842319317265
0.403570817601661;-0.411587160436485;-0.101261497847479;-1.48686653942895;5.46525103576199
0.456767405384156;-0.384140859099936;0.170789143923875;-1.47410069734225;4.9416906421448
0.433634095323367;-0.400867434418872;-0.00839347200162847;-1.4620486530677;5.15850265668975
0.40024542406102;-0.445076701087607;-0.306394578309272;-1.45025911977484;5.45619569054343
0.394664846949366;-0.456392085228695;-0.3854303951388;-1.42680125215572;5.47523721126942
0.465189313665152;-0.405054388551307;0.0239241046775374;-1.47000750971627;4.85435584686897
0.459007996845376;-0.407796551230538;-0.0442189560404341;-1.45417784930395;4.91854365073353
0.405580565402193;-0.411741343357795;-0.317280229653129;-1.35744449731965;5.38965641667156
0.391589199133734;-0.43229041098855;-0.449448592743883;-1.32170044152001;5.46728893995643
0.36329219699858;-0.46401964755418;-0.656408364171056;-1.25362225178292;5.62678155735969
0.434094114615436;-0.438106432504382;-0.332872029789735;-1.37817122955045;5.07062963014962
0.470541536079744;-0.439019344485291;-0.215489512193497;-1.45261888223751;4.77533635127241
0.502896786172111;-0.433543791225317;-0.113446421730644;-1.52254576105006;4.55884248831782
0.47673814240659;-0.438283240010798;-0.270919085555729;-1.44570874305766;4.79830884842205
0.49747477665832;-0.443803639594608;-0.235292340329691;-1.49353179048424;4.64858915563544
0.526130682184166;-0.480863993018302;-0.199099036375325;-1.58278584323876;4.30302280753214
0.57975462256771;-0.49044247676097;-0.0447765291238588;-1.73605310542535;3.91322596722251
0.557596588486486;-0.507854226613319;-0.195067380830866;-1.6682872564612;4.06940251934495
0.553832220828373;-0.49374997031533;-0.258714597986846;-1.63370981885917;4.25394375877926
0.597896185234739;-0.508274920464564;-0.153094894442411;-1.76815387403033;3.93979282538811
0.595504375124523;-0.522260075850735;-0.224507371490585;-1.75613460080405;3.96582485972833
0.576110805613202;-0.549942464770804;-0.352479956402763;-1.70054386727758;4.00980674394897
0.555389120718228;-0.570949827501706;-0.478070470034949;-1.63375788346356;4.0887544157213
0.467120456080182;-0.552992187852527;-0.841230539965156;-1.30021926062527;4.82243558235637
0.462564075448733;-0.561353755518012;-0.891572327805131;-1.26712275869406;4.82847581168044
0.427443610535319;-0.56730482994609;-1.03588690378494;-1.12385476935206;5.02013381165677
0.468745077227912;-0.608190953376596;-0.919434372795224;-1.29886408170491;4.52410161813681
0.418213071419568;-0.630803520731403;-1.08505316989388;-1.12367553221787;4.66435392423502
0.382160078025629;-0.627912164528096;-1.21248453893237;-0.956748865154122;4.89190857622991
0.33938248586361;-0.59844039236212;-1.36287643028955;-0.710243729162896;5.33290847074633
0.293676129845713;-0.576153031453171;-1.49305217903622;-0.456944060923884;5.70290538939171
0.32825120773837;-0.585371753009018;-1.41285754068215;-0.569362068155765;5.45808483515127
0.371658315096686;-0.618954544519921;-1.31834656157362;-0.77900474824495;5.00418075173192
0.387534162448188;-0.631176246380879;-1.30538112686812;-0.833953466682147;4.86366380669598
0.422283716954774;-0.661495900979076;-1.26106488223315;-1.01019951339028;4.52094182939371
0.446777058401685;-0.677210000069467;-1.25416655068633;-1.1046626667996;4.36918343801776
0.47745896874101;-0.728977982836833;-1.22531836784897;-1.33419080865314;3.8905886956414
0.439747105022132;-0.697803031791872;-1.33211937066443;-1.04922258829475;4.356718085634
0.453763795718433;-0.696384407986078;-1.36060886657294;-1.03991906910727;4.42730353216988
0.475540564510394;-0.741041209011783;-1.35752334815717;-1.22081703197512;4.051120826608
0.43129732629975;-0.728663120331975;-1.43958051977313;-0.977555739933431;4.31331541613041
0.38316283397947;-0.694815200839241;-1.52163292213186;-0.642367135462465;4.75572943803362
0.367120512030194;-0.662602604268297;-1.56842270066046;-0.40869562324787;5.13482379972941
0.33742912886024;-0.652265147421253;-1.59495531439436;-0.230382556308963;5.27129935454053
0.35084596132178;-0.683936189856448;-1.59766043905743;-0.351659151829735;4.99089210002984
0.33057253292999;-0.648488953543317;-1.61191506328651;-0.0868907796854653;5.37206514050826
0.308431297036407;-0.637154608945364;-1.61091272353786;0.0673921117558454;5.4817915368258
0.315243501041886;-0.638990109258955;-1.60975849837764;0.0962492544324705;5.49196246271695
0.27630699612524;-0.583255860378334;-1.55841391122902;0.485584827212906;5.98480357013554
0.248331785581535;-0.521713183530492;-1.46657098267467;0.869504973241332;6.51165751133871
0.26225646886016;-0.534278128667558;-1.44408637908086;0.820306801976874;6.38542014486853
0.256115009988983;-0.562382364903265;-1.45359516344952;0.724680901553101;6.05282404369114
0.227219515855081;-0.54455895640666;-1.38396779210871;0.871917228785836;6.08869269759473
0.209777027012462;-0.471608471084764;-1.17940347003524;1.25795761931262;6.68506149274203
0.204199904954314;-0.420718009276466;-0.990446896056164;1.50601259558633;7.07724041239802
0.201745638964864;-0.411636769470457;-0.898986810938353;1.54378014447275;7.06246511378646
0.219935640664556;-0.472907807724056;-1.03646000960873;1.28517140653485;6.55775203656098
0.218856154199535;-0.451600456180477;-0.913118525035033;1.3849903117094;6.69757393647098
0.217493148625518;-0.42868149109452;-0.775928455563124;1.47860888447487;6.83281727542271
0.213290935796903;-0.385803631947395;-0.553990737445766;1.62389342816818;7.07904622038195
0.2087178816448;-0.434213842428965;-0.715504311887417;1.46239783450866;6.6091351945506
0.221234491748168;-0.383869474562033;-0.418484716257864;1.61583516534935;7.05257604880989
0.235891318730354;-0.359855369944458;-0.220751552544874;1.6708680035791;7.30563893477241
0.247707011966742;-0.340960570856365;-0.047634173176246;1.69338860356441;7.47577956015188
0.24858984117843;-0.373399404491865;-0.137174358854492;1.61188819950454;7.25487284587133
0.285790433667195;-0.324786316733888;0.266207278611068;1.66292413178647;7.86476349948351
0.313421929929717;-0.265719010590507;0.675587376555862;1.67189727792795;8.31304021986263
0.331058772015364;-0.286808631857851;0.708185883726226;1.57858769632186;8.36671129664174
0.363046521809916;-0.230105259614364;1.10643028350253;1.50135451791793;8.74989448971457
0.392397723645003;-0.201987607650144;1.36654365535691;1.37056207610075;8.99675341324433
0.388299631566834;-0.26370277727516;1.15629352514119;1.284395422907;8.78251511735174
0.378252319175065;-0.283081578846308;1.06468122908202;1.24464509813999;8.52514345438041
0.39781503849948;-0.275721974731558;1.19584302179209;1.12074090257058;8.64951534784027
0.40088532287318;-0.273539034064047;1.22506096885152;1.0503123137458;8.55262737913081
0.367740592047747;-0.287682409261327;1.05678410989366;1.14243545639681;8.05623035481921
0.354633613689781;-0.281644128948802;1.03372210021274;1.1688712113828;7.77620832491624
0.389672287700949;-0.271172725532425;1.21797999355576;0.959255869146288;8.07638711237704
0.397301215285057;-0.260975223900441;1.2745472754883;0.885713027178054;8.01166247360208
0.436312504368134;-0.254142823462552;1.42672611938574;0.630732056121973;8.31036437293524
0.460791212093679;-0.281294801417161;1.46884545939036;0.404839481655077;8.67515931042929
0.46292611525378;-0.262234769053045;1.48319620011114;0.380738451162476;8.41682324475964
0.495177480770056;-0.263141004597564;1.54070414146785;0.139252926410653;8.61100065382433
0.536887279477558;-0.281712502707289;1.56521936322689;-0.203592401951835;9.01566329422677
0.564293123057153;-0.305625700947525;1.52389464779116;-0.474962264981691;9.3192666621618
0.583110016268064;-0.323983343600016;1.45373732722305;-0.677060151920701;9.48107397514318
0.60605367273425;-0.312756471092738;1.42182901503784;-0.801776023875768;9.32713697858721
0.604984152206229;-0.370071900369067;1.2272478936549;-1.01743034843814;9.80452063790768
0.620654234345055;-0.399925014881508;1.06360111773689;-1.22346352409375;10.041193618919
0.678738359838265;-0.418442791152543;0.869226795899097;-1.58539593587419;10.2477739516445
0.678064586736526;-0.453028345744162;0.63847712985882;-1.69425646193504;10.4523243818519
0.672774578502351;-0.46932025614273;0.47677104540654;-1.70323830901868;10.4332450094599
0.675228472625858;-0.487197015041668;0.295345782576856;-1.74037716704446;10.4415212030908
0.69231491008667;-0.548505910045599;-0.161952310877359;-1.94290293541749;10.9451954636892
0.682843645523295;-0.566270948980903;-0.356765407774844;-1.88924486475778;10.9468453810137
0.69853129600857;-0.635962452261512;-0.924991574124815;-1.99316668405003;11.4528799205188
0.682866764217332;-0.68126003113725;-1.33398191558121;-1.89198759676209;11.7715533252966
0.66743674864949;-0.690397483575229;-1.48018403080962;-1.71594237959175;11.6842458065651
0.661937883895272;-0.719380771243955;-1.75712765186251;-1.55562656060009;11.7227020086222
0.637052627238897;-0.730560278099902;-1.91184101076912;-1.32266024771628;11.7561180706111
0.610086634417136;-0.736858855203415;-2.02699807351676;-1.0729478917951;11.7911795189919
0.583096328717938;-0.756100820317196;-2.21822036418553;-0.776702491853904;11.9235624563811
0.551567369358395;-0.763044250466832;-2.32216496473798;-0.457357977771558;12.0440470964234
0.526134860775936;-0.766518990809321;-2.36742926515686;-0.161352846117933;12.0728032787216
0.513925110517821;-0.770109375010971;-2.35481269471225;0.0466121080376863;11.9036954619103
0.493710860049729;-0.771605662314562;-2.33803040681706;0.304214566596727;11.8470141306211
0.461685511653893;-0.77168514439736;-2.31407983623385;0.664782981984586;11.9565639023287
0.451006445383441;-0.759296430261566;-2.19653600886339;0.818751129390738;11.8176148481055
0.441847956478608;-0.752827457797078;-2.09552146018269;0.942824864181411;11.6259358059261
0.417226397815174;-0.74699193713349;-1.98336203542089;1.20835160568739;11.6192208987525
0.38830547218851;-0.718753374737012;-1.75246043055623;1.58684656434344;11.9244887559165
0.362220736113454;-0.718614532490813;-1.61080919533494;1.78256936389731;11.7431561615468
0.338730230041677;-0.694754934207401;-1.33628815078527;2.05542380770346;11.8725323895583
0.355630740375177;-0.693999088018572;-1.31403553278179;1.87744614326052;11.4440878855983
0.35020934839815;-0.702147769003335;-1.34343564556829;1.80772168163413;10.9722046520865
0.331807001280462;-0.711187236239127;-1.39468950843206;1.80680398751549;10.4927730467173
0.318218317561008;-0.69703356299611;-1.24491077468595;1.91991152498287;10.4165786400677
0.308569381379461;-0.68692728701621;-1.14119699743461;1.98615224572551;10.2880882324813
0.305911346171321;-0.692762631874187;-1.20049702944181;1.96310426805735;10.0184877072178
0.297092241317381;-0.672684589562003;-0.99249970482137;2.06745300618516;10.0411619788717
0.296655310671861;-0.654707950915694;-0.776711644082007;2.12650269035935;10.1149397204768
0.299247966789968;-0.607024539869837;-0.258236547346327;2.22360646685895;10.4279198739711
0.313124164592505;-0.580905207908036;0.0989924057827778;2.19554740718178;10.6564970636974
0.294593530646825;-0.589892409010499;-0.051412696177879;2.21660994951069;10.2609962247859
0.307600794443905;-0.550553496139185;0.384408154185903;2.17120182142845;10.4626647005394
0.328600196229993;-0.550620918279566;0.580527431276142;2.02541603601218;10.6754475050486
0.367477944189075;-0.53058336773131;1.01075629993593;1.77533379425683;11.0949328579802
0.375880773843557;-0.515357771974314;1.17424664820934;1.6674237659362;11.0664411030435
0.433330010133099;-0.49266306807217;1.65319760406231;1.2346412655938;11.5750701966008
0.462444996914419;-0.477765013248683;1.86397935950886;0.954113893796241;11.6911710852099
0.460364292656082;-0.469025958770752;1.86052544663005;0.892168826719868;11.4680519147548
0.465127451786272;-0.463620180855748;1.88282899686114;0.781583527367846;11.3471329938769
0.461787255337903;-0.471495305726978;1.83551439775343;0.710820992366639;11.2604712831258
0.473139086679913;-0.463915313213078;1.88762546774094;0.563714151072304;11.1903912942599
0.41965875190914;-0.460709526731302;1.77682451069476;0.927416627732571;10.7034517032162
0.400743925192447;-0.45550672351527;1.79542980932135;1.01308350612011;10.5133520923552
0.446501751129487;-0.455121483725199;1.8937477206584;0.578092867126472;10.7341442567872
0.409238602047805;-0.418831129988103;2.01956581027418;0.912392023028513;10.1912438897661
0.401010818395389;-0.400887117865336;2.13075287506634;0.945310004492871;10.0034618725759
0.404072148830074;-0.378491940680274;2.27110166955671;0.913458008382723;9.8184358096694
0.432857960293394;-0.374484294201106;2.3311495114622;0.633033832940314;9.86673033602596
0.435124071920398;-0.377766105752029;2.35386261320068;0.482001603378009;9.95382946707111
0.496266648531504;-0.444237260362002;2.02535467259667;-0.284725586128943;10.6613777952028
0.534486241134582;-0.4813415536284;1.79445612908764;-0.740044430514197;10.9752384251422
0.568078034594354;-0.508178029303318;1.58330388189631;-1.08384940006758;11.1230889662911
0.577423375142345;-0.530244466659977;1.39373934278951;-1.27309647121845;11.244383339384
0.616952418898252;-0.619682755591207;0.718535187718156;-1.7985400374522;11.8631362394534
0.603943383308936;-0.569828868358307;0.995256549079553;-1.59167277667905;11.3293714962088
0.600109732481805;-0.584898546919522;0.823356112099896;-1.65382056028383;11.3905312008181
0.610367811306217;-0.660061246246737;0.181228602298569;-1.86757554720514;11.8521618368081
0.599911385608856;-0.695764120883715;-0.179116950966726;-1.87250759143579;12.064427353287
0.586519228092703;-0.695791304381325;-0.262310022569196;-1.79870306291159;12.0195037106693
0.611495026620408;-0.635428340710659;0.183398788122909;-1.83056568228149;11.2736776295023
0.58383015068784;-0.687702260762681;-0.337776389114923;-1.74069648534134;11.7334419348963
0.575896353929649;-0.700765739899515;-0.515484433734036;-1.68370186158755;11.7526646053297
0.574511721883339;-0.706675009096847;-0.621032683016709;-1.64703006319703;11.665108888979
0.570600217512022;-0.703524776255332;-0.670211585320581;-1.61933225038311;11.5880971344755
0.515413155541078;-0.759684060622366;-1.24946652998362;-1.21276822784643;12.1986044794105
0.473423818328449;-0.789635492224184;-1.58175578978984;-0.849530702274488;12.5474828769399
0.442856935224796;-0.802764530566809;-1.74664576709851;-0.542872944244269;12.7173491488218
0.398689744244623;-0.810651956939539;-1.88995260794628;-0.125414222958004;13.0432487587357
0.349657494773798;-0.81245860814937;-1.96459415753689;0.356823925583862;13.416306192747
0.340986431750271;-0.798100153843836;-1.85625159712699;0.515887454969181;13.3547264875007
0.3149628818134;-0.791027104504844;-1.77397107716174;0.827537628641631;13.4535488459977
0.306298202208276;-0.783289338854645;-1.65472781342534;0.98039782926695;13.3425167560533
0.294613694397236;-0.779540977246312;-1.53628501356628;1.14238411859071;13.2135636313788
0.2479262386192;-0.755634556229363;-1.25816248097911;1.6436131306437;13.648578032744
0.232359381474143;-0.73483153978979;-0.993945052143889;1.84517987087484;13.7313759388212
0.242272498184275;-0.723685623327662;-0.845745211294594;1.79759230713085;13.5023632215517
0.231340572450627;-0.707798879812158;-0.599619532787785;1.9077990848046;13.4730760248531
0.215020491756944;-0.686814953035216;-0.279410816783706;2.04013131234769;13.5213924752512
0.189833445775481;-0.64839648028463;0.255810236861512;2.23030824403931;13.8270922549612
0.192436856698904;-0.622830338223351;0.603451548004953;2.18890070800433;13.884125598193
0.208611805854033;-0.595969309130022;0.951672807667646;2.06495488266263;14.0156391855452
0.218690600261877;-0.569334253395429;1.31529809567419;1.91587456494572;14.1168888805648
0.243523784354301;-0.543453683835857;1.68160731295303;1.66619348470299;14.3267105658336
0.246189927189771;-0.523488731264981;1.91671471046849;1.4648770235722;14.2061346636922
0.263090560027891;-0.490808884919207;2.30987923407983;1.13208985345592;14.361595878105
0.287321918138428;-0.477219380144189;2.48906537635252;0.772190294191765;14.396634236489
0.306931510672167;-0.477880210995405;2.48925891266863;0.483044057878917;14.2743939600483
0.345089509475041;-0.478574209449047;2.57560671781332;-0.0139709154832369;14.5054576461301
0.364091122550526;-0.473929495199786;2.55297587207121;-0.304767210421325;14.3609428879472
0.379542290377423;-0.479339356318743;2.44869950661235;-0.537543000778028;14.2062043845296
0.411128123275758;-0.480726750618692;2.38907604767162;-0.9579653207346;14.2500959994441
0.409585376778372;-0.488122343715146;2.23033373520996;-0.949773053348488;13.9033355438386
0.427197037944624;-0.48950782287435;2.13561138399396;-1.13454411949463;13.7155586468475
0.435326963443791;-0.483179346117981;2.1050821832379;-1.13419196174605;13.31927303695
0.445016302487252;-0.484327122086278;2.03994938481248;-1.21199755494988;13.0888113704651
0.450419192035499;-0.481997267988057;2.01937797390843;-1.22891284115878;12.8200154182598
0.455985263406352;-0.438309822980264;2.4270943587965;-0.935398382908256;11.9194181382351
0.47848742145525;-0.455078471503315;2.23437728394954;-1.25555057274108;12.0169970914003
0.50290549505189;-0.474317895747124;2.01239652347865;-1.56349420739059;12.0709604587955
0.526309229365006;-0.44522274993966;2.32902466088844;-1.54400385237173;11.4678123170452
0.544162429431302;-0.464291383877173;2.0987505230518;-1.79609441801591;11.5388157651102
0.570096009947489;-0.475938375682704;1.98023384230324;-2.01429238742461;11.4044144757138
0.591580809393667;-0.470984411614591;2.02429160616336;-2.14671486307056;11.1846834126119
0.613647860085433;-0.484379190009154;1.87814023377337;-2.34448113373581;11.097199208865
0.654676168590504;-0.469685758604867;2.09958377421949;-2.53666141187279;10.650398320314
0.650911744795941;-0.508854714614622;1.57424298423402;-2.68378524932898;10.9770505126872
0.632436068262053;-0.555360926525541;0.923559979771838;-2.73740830980539;11.4050193923297
0.618424614009186;-0.599434447704515;0.353267005618427;-2.74498000622973;11.6646458378462
0.670057065374996;-0.589327482944701;0.590236623921457;-2.98712387447472;11.1322553608668
0.633383037712087;-0.627729916161003;-0.0439533521108428;-2.82834607353735;11.5786630810507
0.576217475988246;-0.656124055492369;-0.69684113495659;-2.49939669558523;12.1793343029819
0.532390727774001;-0.691811390203392;-1.24679087202752;-2.18054939740886;12.495359817841
0.536263334394346;-0.71015395879965;-1.40688300380608;-2.12510577641713;12.3370411132532
0.481804835951476;-0.737072795202615;-1.86348317416054;-1.65989474579823;12.6536506755142
0.376635336952073;-0.740290786416176;-2.35899113277179;-0.764203172247909;13.4589007857132
0.239553419739683;-0.724059339161579;-2.73237089679933;0.467493797496122;14.5022903805203
0.152893341084732;-0.698482940677473;-2.71018309979183;1.36801175157485;15.077218671442
0.191124635175431;-0.695900513339444;-2.44336147399081;1.20603130594585;14.5631939134281
0.207331801636341;-0.690129269402594;-2.26408752165107;1.20485018359077;14.2766462416708
0.173984763409221;-0.662777286094633;-2.00785338723502;1.64182329864726;14.4726294790607
0.162933871705512;-0.624514925391018;-1.66986332892387;1.91288940451699;14.6845905213201
0.118239207152837;-0.579137647689237;-1.17607405715281;2.42036357854875;15.0402256513636
0.12204950306769;-0.558211710597519;-0.86210939616419;2.46944400693919;14.9846768005464
0.142301231248328;-0.544333439203201;-0.645535685626119;2.38583861323399;14.8694307168966
0.158169710177601;-0.529872968028074;-0.426584267511984;2.33064809304905;14.7983471800239
0.165750233041112;-0.533953439562689;-0.361007353265834;2.27636658619953;14.4717869177396
